review_text,label,Hotel Name,City Name,prediction,correct,actual_class,predicted_class
Staff. Serkan türk was a great help during our stay.,0,Hotel Ickale,Ankara,0,True,Human,Human
"Nicely furnished room and nicely decorated lobby. Room service is affordable and the receptionists, especially Mr. Omar, are usually eager to help with any queries.",0,Hotel Ickale,Ankara,1,False,Human,AI
"Very central, near 2 metro stations. Room was spacious with very nice view. The bathroom was large with good water pressure. The wifi had annoying login that required logging in every time.",0,Hotel Ickale,Ankara,0,True,Human,Human
"Lovely interior.. great location.. friendly staff what is not to like
restaurant staff could use aome basic training in communication in English to be able to understand tourists :)",0,Hotel Ickale,Ankara,0,True,Human,Human
"Thanks to Mr.Serkan, our problems were solved",0,Hotel Ickale,Ankara,0,True,Human,Human
Location Air-con don't work. Temperature in the room was higher than at the street,0,Hotel Ickale,Ankara,0,True,Human,Human
Staff were friendly. The A/C was making ALOT of noise and we couldn't sleep. I am disappointed that they didn't check something like that before giving us the room. Maintenance came by and basically didn't help.,0,Hotel Ickale,Ankara,0,True,Human,Human
"Nice Furnitures and setups. upon checkout, the front desk made me wait as they are counting the items in the fridge to see if anything was stolen and consumed. I ended paying more for my taxi as it kept the taxi waiting.
The internet was bad. it dropped every 2 minutes. Nothing happended after a complaint was made. On Sunday, a guy came to inform me there is completely no internet. I had completely no internet for part of Saturday and all of Sunday",0,Hotel Ickale,Ankara,0,True,Human,Human
"property was fine. But if you’re traveling in car - don’t stay here. Hotel said there will be private parking, but they parked our cars on the street and as a result I have a hit on my car. I don’t really recommend it No car parking even if they say there is.
Your car is always going back and forth on cold engine for no reason
and it’s not safe to park on these streets
Breakfasts was 2 of 5",0,Hotel Ickale,Ankara,0,True,Human,Human
The sound of the aircondition was terrible,0,Hotel Ickale,Ankara,0,True,Human,Human
"comfortable room, good breakfast, good staff, they gave me early check in. location is good, close to two metro stations. I booked a room with balcony but hadnt. there wasn't tooshbrush also as it was written in the description. they didn't took 3 euro monet money during payment by cash",0,Güvenay Business Hotel,Ankara,0,True,Human,Human
"Only stayed for 2 nights, good hotel, the best thing about staying here was the kahveci hacibaba cafe/restaurant under the hotel, it was so amazing, the vibe the staff and especially the food, whatever we tried we loved it.",0,Güvenay Business Hotel,Ankara,0,True,Human,Human
"Good restaurant, close to railway station -",0,Güvenay Business Hotel,Ankara,0,True,Human,Human
"The front office manager Mr. Aykut who is helpful and nice. Room was comfortable and housekeeping was efficient. Rana the staff in the breakfast room was friendly and hardworking Breakfast should include scrambled eggs and not just boiled eggs. I got bored . But that's what they had to offer. Its OK for 01 or 2days. I stayed for 7days.
Toilets have no tissue box.",0,Güvenay Business Hotel,Ankara,0,True,Human,Human
Everything was very good,0,Güvenay Business Hotel,Ankara,0,True,Human,Human
the valet staff even though i think they might have dent my car. the staff needs to be more customer eccentric and be more courteous and helpful.,0,Güvenay Business Hotel,Ankara,0,True,Human,Human
just the kahveci haci baba cafe. room was dirty. staff were not friendly.,0,Güvenay Business Hotel,Ankara,0,True,Human,Human
"Deluxe room itself have a lot of space, good breakfast. Location is ok, parks are right next to it. Personnel is not smiling and welcoming except 1 person at reception, poor English. Breakfast served with poker face - not nice. 1st room that was given didn't have balcony, even though should as per room description, room was changed to the other that was smoking room. Wifi doesn't work, had to cancel the rest of the stay because couldn't work (funny that it is business hotel). Towels were placed in the bathroom with a big hole in the middle of it.",0,Güvenay Business Hotel,Ankara,0,True,Human,Human
"Breakfast was excellent on the rootftop The room was musty, very poor facilities",0,Güvenay Business Hotel,Ankara,1,False,Human,AI
"location bad service. the air condition does not work, informed the reception, they did not bother to changed another room nor tried to fix problem, hardly slept due to the heet. i don't recommend this hotel.",0,Güvenay Business Hotel,Ankara,0,True,Human,Human
Very well located in the city center. Plenty of nice restaurants nearby. Friendly staff. Something sweet at breakfast would have made it perfect!,0,Raymar Hotels Ankara,Ankara,0,True,Human,Human
"We loved the location with all the restaurants and shops close by. The Internet was very, very slow. We didn’t like the loud disco music every night we stayed. Not sure from where it came as buildings are very close together. We couldn’t sleep until it all stopped early hours of the morning.",0,Raymar Hotels Ankara,Ankara,0,True,Human,Human
"I liked that the staff was really helpful and nice. Great location, clean and value for money",0,Raymar Hotels Ankara,Ankara,0,True,Human,Human
The property is in perfect location. everything is at walking distance.,0,Raymar Hotels Ankara,Ankara,0,True,Human,Human
"location, breakfast and the room the toiletries were a bit used",0,Raymar Hotels Ankara,Ankara,0,True,Human,Human
"Good location and having private parking!
Good breakfast Receptionist was very tough guy!! He didn’t accept USD and also want a deposit to give me the room!(he didn’t give me two hours to change my money!)
Every time you come to hotel ask you about room number even they know you! This makes you feel uncomfortable!
They don’t have any price list for mini bar! Then they take money whatever they want!",0,Raymar Hotels Ankara,Ankara,0,True,Human,Human
"Just good location and having parking! Impolite staff(even you put don’t disturbing they come to your room to clean or other excuses!), small room, they didn’t accept USD!!!!",0,Raymar Hotels Ankara,Ankara,0,True,Human,Human
"Nice design in rooms, breakfast was good Wifi is useless, does not work AT ALL in the hotel room and not very well in the lobby area either, Most noisy room I’ve ever had in a hotel, the music outside felt like it was inside the room. Could not sleep because of the music and noise from the bars outside. Cleaning was not good, stains on sheets. The shampoo etc in the little bottles in the bathroom were left from previous guests, even had hairs on it.",0,Raymar Hotels Ankara,Ankara,0,True,Human,Human
"Location Not so friendly staff,morning receptionist unhelpful, with very poor English. Breakfast not so good. Room had bad wall with very disturbing neighbour.",0,Raymar Hotels Ankara,Ankara,0,True,Human,Human
"Location, staff and free parking. Room was very tiny and there was a smoking smell everywhere.",0,Raymar Hotels Ankara,Ankara,0,True,Human,Human
location can’t be beat! right by a subway station and Wangfujing street. building showing it’s age in some areas,0,Novotel Beijing Peace,Beijing,0,True,Human,Human
"Great location, decor, friendly service. I always stay here when I am in Beijing. The breakfast needs to improve. Add pancakes, French toast, baked beans, made to order omelette and eggs. The fried eggs are not good. 
You have an opportunity to have the best breakfast in Beijing.",0,Novotel Beijing Peace,Beijing,0,True,Human,Human
location and pool small rooms,0,Novotel Beijing Peace,Beijing,0,True,Human,Human
"Great location, helpful staff, aircon works and everything is spotless Overpriced breakfast, leave hotel and eat for a fraction",0,Novotel Beijing Peace,Beijing,0,True,Human,Human
The hotel it’s in the right place of the city,0,Novotel Beijing Peace,Beijing,0,True,Human,Human
"The location is good. It is near to shopping area. The hotel is old, lack of maintenance. The room is smelly.",0,Novotel Beijing Peace,Beijing,0,True,Human,Human
Location very good. Very near the shopping centre. Toilet water heather is bad. Toilet no water heater and wait for 15 mins . Still no hot water. Finally have to changed the room . After changed the room the toilet shower head is leaking . Air cond is no cool. Very bad . I check out on 20/7 9pm. They still charge me full day . Request to paid half day. But they still not allowed,0,Novotel Beijing Peace,Beijing,0,True,Human,Human
"Location 1. Not a single English TV Channel
 You should tell customers this
2. Your booking didn't show the address in
 Chinese. The trip with Taxi was a nightmare
3. The Room is old and smells of smoke
 Simply unbearable",0,Novotel Beijing Peace,Beijing,0,True,Human,Human
upgraded. nor enough bottled water and the refrigerator is broken,0,Novotel Beijing Peace,Beijing,0,True,Human,Human
"The location was convenient to central Beijing and the breakfast was fine with reasonable options. The room service meals were quite good and at a reasonable price The room was really dated with ugly and poor quality re-grouting throughout the bathroom. The bathroom was an awful brown colour, the plug on the basin did not work and ugly grout/silicone everywhere. The safe was too small to hold a 16"" laptop. Also the glass had this really ugly brown marks all over obscuring the view",0,Novotel Beijing Peace,Beijing,1,False,Human,AI
"The hotel is great, comfy, clean and in an excellent location. But I give such an outstanding review mainly because of the helpfulness of the staff. Now in Beijing it is very difficult for tourists without a Chinese sim card to reserve places in tourist attractions or for shows. Entrance to most tourist attractions and sights in Beijing is severely limited. The hotel staff, and especially the manager with the business suit and black tie (I do not remember his name) went out of their way to help me. I am deeply thankful and will recommend this hotel to anyone. It would be nice to have breakfast and/or restaurant in the hotel. But there are plenty of good eating options outside, especially in that super nice pedestrian street.",0,Guo Ji Yi Yuan Hotel,Beijing,0,True,Human,Human
"Very nice interior and location. The wifi almost didn't work, but I realized it wasn't the hotel fault. Internet has restrictions in China and doesn't work good with western apps and web's.",0,Guo Ji Yi Yuan Hotel,Beijing,0,True,Human,Human
Central an Great location to shops an restaurant s an taxi service bookings were great I didnt like that the massage chair didn't work /calf massage chair in room ??,0,Guo Ji Yi Yuan Hotel,Beijing,0,True,Human,Human
"Manish the general manager is the one who give you the most confortable stay, even if you have misunderstanding, he will give you the solution to solve it.....😉 Except at Loby and management you should speak Chinese if you want something....",0,Guo Ji Yi Yuan Hotel,Beijing,0,True,Human,Human
"Excellent location, kind and respectfull staff, complete silence during the night, nice breakfast. I can only recomment this place. Once my breakfast table was fully cleaned when I only went for drink, also return envelope was throun away in thought this was rubbish. Bit this can happen anywhere and has no impact on overall evaluation.",0,Guo Ji Yi Yuan Hotel,Beijing,0,True,Human,Human
"location,location, location. very old and broken facilities. chair is broken,￼ aircon was running on fresh air only, highest temperature in my room was 29 degrees, and pool/fitness centre was not open.",0,Guo Ji Yi Yuan Hotel,Beijing,0,True,Human,Human
Location is great. Room was clean. Location is great. Room was clean but furniture was old style.,0,Guo Ji Yi Yuan Hotel,Beijing,0,True,Human,Human
"Good Breakfast, clean Hotel, Pool, Gym & the famous Steak Restaurant were closed",0,Guo Ji Yi Yuan Hotel,Beijing,0,True,Human,Human
Enthusiastic staff who assisted me during checking. Proximity to two metro stations and Wangfujing. Facilities were showing their age and price was expensive in comparison with hardware condition. Gym was closed during the whole stay.,0,Guo Ji Yi Yuan Hotel,Beijing,0,True,Human,Human
"Location Service bad, Clean bad, Property very old",0,Guo Ji Yi Yuan Hotel,Beijing,0,True,Human,Human
"Breakfast was by far one of the best. The scrambled eggs were amazing.
Overall very pleasant stay. Parking could/should be included in the price.",0,AMANO East Side,Berlin,0,True,Human,Human
"nice rooms and lively rooftop. there’s the chance of renting bicycles
super close to Friedrichshain actually it was all good",0,AMANO East Side,Berlin,0,True,Human,Human
"Very stylish, everything looked new and the room was quiet and extremely comfortable. I liked the bed, the furnishings and the toilet shower room.",0,AMANO East Side,Berlin,0,True,Human,Human
"Beautiful property! Can’t believe it’s only a three star hotel. Good decor, nice staff, good amenities and fab location. Rooms are a little small, but does the job for a short getaway",0,AMANO East Side,Berlin,0,True,Human,Human
Great location near the train station. Clean and convenient with lovely staff. Would stay again. Check out at 12 is fantastic! A little bit dark,0,AMANO East Side,Berlin,0,True,Human,Human
"Location great - near train station and right next to the east side gallery They seemed to have three different external events on over the three nights we stayed, which were booked in to hotel social areas that are advertised for guest use. We therefore couldn’t use those spaces such as the rooftop bar, which was very disappointing as it was a selling point for booking the hotel. Hotel rooms are designed badly, very small with minimal storage. No basic room amenities such as coffee/tea making facilities",0,AMANO East Side,Berlin,0,True,Human,Human
"Area was very nice with good restaurants close by, breakfast was good but not worth the price they were charging, just 5-10 min from the hotel were a lot of better alternatives Beds were horribly uncomfortable and hard, it also made a sound like crunch wrap when you were moving which woke us up during the night, we told the front desk but they didn't care at all about our complaints",0,AMANO East Side,Berlin,0,True,Human,Human
"The garden area is a lovely space to chill in. The room seemed small and dark, no way near as nice as the AMANO Grand central. The view from the bedroom window was awful and not much better from the roof top bar. Overall disappointed given the price. Staff were not very friendly and a bit flippant.",0,AMANO East Side,Berlin,1,False,Human,AI
"Not much good to say about this place. Very disappointing compared to what I've experienced at other Booking.com destinations with the same rating. The room was tiny, claustrophobic and smelled like the windows had not been opened for a month. Ventilation was non existent so after having taken a shower, the entire room would be stuffy for hours. Impossible to vent out with privacy, since there are neighbors across who can look right into the room. A/C was not working at all. The hallways appear dirty and old.
They have an automated checkin system that doesn't work, and upon asking the person at the desk for help, they only very reluctantly spent the 20 seconds registering a key card which made it feel like you were being a hassle in their day instead of a valued guest. Not a great welcome.",0,AMANO East Side,Berlin,0,True,Human,Human
"Excellent buffet breakfast, with good choice of hot and cold dishes. Breakfast room staff were helpful and
friendly. Liked the outside space by breakfast room, and a large lounge room on ground floor, both good for our
family groups to meet and greet. Comfortable bed. The room was unpleasant. Black walls, smoked mirrors, large window's possible light deadened by fine mesh covering outside. Very poor, dim lighting. Useless shelf, too narrow for writing or laptop. Stool but no chair. Very limited clothes storage (was there for five nights). Shower room tiny, again black and white, with poor mirror and light. Best place to make up was in hotel lift, with bright lights and decent mirror. 
The bars were mostly closed to guests because of private parties and it was difficult to get a drink. At night the music noise made it necessary to close the window to get to sleep.",0,AMANO East Side,Berlin,0,True,Human,Human
"Room clean, staff, location near to train or metro station.",0,Eurostars Berlin,Berlin,0,True,Human,Human
"Friendly, welcoming staff at reception",0,Eurostars Berlin,Berlin,0,True,Human,Human
"Central, clean, modern and great facilities. My view was non existent but quiet.",0,Eurostars Berlin,Berlin,1,False,Human,AI
"The experience was amazing. Very helpful stuff specially Marta (Reception) She was so friendly. Definitely, if I back to Berlin I’ll choose Eurostars Hotel.",0,Eurostars Berlin,Berlin,0,True,Human,Human
"Comfortable, a very convenient location Nil",0,Eurostars Berlin,Berlin,0,True,Human,Human
"Good location, looked beautiful in photos as well as in real life. Some things didn't work; some lightswitches, plugs and the shower was leaking a bit when turned on. Some things were missing like a toilet brush. When we arrived our chair had a pretty bad stain. We had to ask a couple of times for it to get cleaned/switched to another chair. In the evening an alarm went off and the whole building had to evacuate outside. That ofcourse isn't the fault of the Hotel, but it certainly wasn't a positive addition to our stay.",0,Eurostars Berlin,Berlin,0,True,Human,Human
"Location is great Dusty even it is a suite room 
Floor wasn’t mopped properly 
Under the bed was covered with dust 
Bathtub… okay but the thing that protects shower splash water wasn’t clean enough…
I asked the reception to clean it properly. First time, they gave me a different room that was actually dirtier than the original one. Then I asked them again to change the room. They upgraded the room to suite but even the suite wasn’t clean enough but I didn’t want to ruin my trip anymore so I decided to take the offer. Next day I ordered room clean and after I got from sightseeing, dusty again. Probably they wanted me to leave. However I thought it was better to clean the room by myself so I asked a mop to the reception, but they didn’t let me and said ask someone to clean. Well they didn’t do it eventually. I just had to stand the dust. On the second day they sent a fruit dish though.",0,Eurostars Berlin,Berlin,0,True,Human,Human
"comfortable bed we asked for extra bed for our daughter beforehand and the room did not have the bed, we needed to ask again and wait until the bed arrived. the room was really dirty! the floor, bathroom and walls. when we arrived the garage was closed and the reception send us to nearby garage that cost 20 euros. this hotel don’t worth the money",0,Eurostars Berlin,Berlin,0,True,Human,Human
"Not recommending to stay. In reality 3 star hotel with poor service and furniture quality. They needed 2 hours to bring a bottle of water. They needed to repeat 2 times to clean the room. Room furniture was very used, some lamps did not work, shower was broken with water spreading to walls around",0,Eurostars Berlin,Berlin,0,True,Human,Human
"Nice looking hotel Water turned brown, but they did come and fix it. On check out day water stopped working in my room half way during a shower. I had to wipe off the sop from my skin as was taking too long to fix the issue. Eventually water worked but in bathroom sink only and again turned brown.",0,Eurostars Berlin,Berlin,0,True,Human,Human
"Very nice, boutique hotel, walking distance to old town, supermarket next door, walking distance restaurant, MacDonalds next door, good breakfast. Myself and my daughter really enjoyed. Many thanks to the reception staff, very helpful and nice! Location, staff being very helpful.",0,"Central Hotel, Trademark Collection by Wyndham",Bucharest,0,True,Human,Human
I love how clean the whole environment was. From entering the building to the room. That’s I couldn’t stay there forever,0,"Central Hotel, Trademark Collection by Wyndham",Bucharest,0,True,Human,Human
The hotel is located very close ( walking distance) to city center and many other touristic attractions. .,0,"Central Hotel, Trademark Collection by Wyndham",Bucharest,0,True,Human,Human
"Hotel is at the city center. It's very very close to old city, where Bucharest live in. Approximately 600 meters with walking. Breakfast its so perfect. If I will come Bucharest again, I will stay here. And special thanks for Flori in breakfast hall and Mihaela (Customer Service Manager) at check-in desk for their smiles and kindness. This is a Turkish friendly hotel. Wish to see you again :) Maybe room make-up. Not a big problem.",0,"Central Hotel, Trademark Collection by Wyndham",Bucharest,0,True,Human,Human
"The breakfast buffet was very good, with friendly staff.",0,"Central Hotel, Trademark Collection by Wyndham",Bucharest,1,False,Human,AI
"The location Nothing honestly, the bed was not comfortable, room to small and not clean.",0,"Central Hotel, Trademark Collection by Wyndham",Bucharest,0,True,Human,Human
Location Very noisy area,0,"Central Hotel, Trademark Collection by Wyndham",Bucharest,0,True,Human,Human
"The rooms were clean and the location was good, a close walk to the old town and other attractions Unfortunately we were placed on the second floor, which is the same level as the breakfast room. This really ruined our stay and was a shame as the hotel was clean and the check in staff friendly, however the noise was absolutely dreadful.
We were woken up at 6:30 every morning by clattering plates, slamming doors, clinking glasses, people running up and down and staff shouting at each other accross the corridor. It would have been just as loud if we were actually sleeping in the dining room. This went on for a few hours, at which the noise was replaced by housekeeping so there wasn't even an opportunity for a nap later in the afternoon. 
Sadly this would stop me from returning as there are cheaper hotels closer by where you can get a good night's sleep.",0,"Central Hotel, Trademark Collection by Wyndham",Bucharest,0,True,Human,Human
location very Old to be of Wyndham collection,0,"Central Hotel, Trademark Collection by Wyndham",Bucharest,0,True,Human,Human
Location Noise from street and window is not sound proof,0,"Central Hotel, Trademark Collection by Wyndham",Bucharest,0,True,Human,Human
Most comfortable bed i have ever seen !,0,Pestana CR7 Gran Vía Madrid,Madrid,0,True,Human,Human
"I was travelling with my teenager daughter and we really enjoyed the room.Super clean and comfy,housekeeping doing a very good job,friendly receptionists are very helpful and all speaking english which was amazing for me as i dont speak spanish at all.As for the hotel location-its just a perfect view from the roof top on Gran via street,and it's very close to all the famous Madrid places
Highly recommended
Regards",0,Pestana CR7 Gran Vía Madrid,Madrid,0,True,Human,Human
"The location was fantastic. The AC worked well, and the bed was comfortable.",0,Pestana CR7 Gran Vía Madrid,Madrid,0,True,Human,Human
"Nice place, staff wonderful and open to support and good knowledge of English. Well located and on the top, they have the rooftop and swimming pool. Definitely will book again in future. :) Non - I enjoyed every single second.",0,Pestana CR7 Gran Vía Madrid,Madrid,0,True,Human,Human
By far the friendliest hotel I’ve ever stayed in. Location is terrific access to all the best places in Madrid. Rooftop bar is a real bonus. Coming home,0,Pestana CR7 Gran Vía Madrid,Madrid,0,True,Human,Human
Air condition very bad to hot,0,Pestana CR7 Gran Vía Madrid,Madrid,0,True,Human,Human
"nothing in particular
no special comment to make rooms very small,lifts confusing, location in very crowded street,staff pleasant but quite long wait to reach them
that said,in the centre of a big european city there are limits to what you can get for your money,and in this respect this hotel may not be exceptional.It all depends on what you are looking for
next time we will move out a bit and look for something more roomy in a quieter environment",0,Pestana CR7 Gran Vía Madrid,Madrid,0,True,Human,Human
"the location room was too small and no space for belongings for two people, bathroom had no door so no privacy to change or use the shower or toilet in private, toilet seat was a little wobbly, toilet room was tiny, light switches in room were very confusing and so annoying we had a hard time figuring out which light switch was for where, elevators were extremely slow, lobby was not pleasant to sit at, staff were so busy had to wait a long time, was not aware of stairs at front entrance of hotel and was not convenient, breakfast food was fair, hotel bar was fair for vegetarians",0,Pestana CR7 Gran Vía Madrid,Madrid,0,True,Human,Human
location staff was inexperienced and unpleasant. Shocking enough one of the rooms was so small that the bed was “placed” between three walls. Strongly recommend the advertisement is replaced and pictures are loyal to the actual space.,0,Pestana CR7 Gran Vía Madrid,Madrid,1,False,Human,AI
"Location is very convenient... This hotel simply decent 3 stars hotel. During our 6 days stays with 2 standard rooms, there was no Wi-Fi, no tv, also only one day roof top was opened. Staffs was not enough to properly bar's servings. Any orders take 45 minutes. Using the WC was big deal for room #723.It was like boat's WC, even the kids can't be fit easily. There was A/C but can't be manageable for temperature.",0,Pestana CR7 Gran Vía Madrid,Madrid,0,True,Human,Human
location/ staff / clean / nice room,0,Catalonia Gran Vía Madrid,Madrid,0,True,Human,Human
Central place Loved everything,0,Catalonia Gran Vía Madrid,Madrid,0,True,Human,Human
Good location good staff beautiful room,0,Catalonia Gran Vía Madrid,Madrid,0,True,Human,Human
"The room was amazing The pool has a weird color, I wasn’t sure if it was clean",0,Catalonia Gran Vía Madrid,Madrid,0,True,Human,Human
"Location was excellent, lots of attractions reached on foot. Shops very close etc.
Excellent size room and well equipped. Small pool top floor for those very hot days, enough to cool down, towels supplied. All good",0,Catalonia Gran Vía Madrid,Madrid,0,True,Human,Human
Location was perfect Internett was not working . So much noise in the room becoz they are renewing . Could nt sleep . And we tell the personal at hotel they don nt try to solve the problem .,0,Catalonia Gran Vía Madrid,Madrid,0,True,Human,Human
"It was a nice property the room was nice and clean. I told the hotel I was bringing two small dogs and they said they welcome dogs and there would be a small surcharge. When I checked in they said we don’t accept two dogs in a room. He had to go and speak to his manager and came back and said they could stay and the surcharge was €25 per dog per night! That’s not a small surcharge and I was fuming. I showed the email to them and pointed out €50 per night is not a small surcharge. I was close to asking for him to cancel the booking and going to find another hotel. I also asked on the email about parking and they told me there was a car park around the corner and there was a small charge. That was €30!!!
I felt like I had been shaken down by thieves.",0,Catalonia Gran Vía Madrid,Madrid,0,True,Human,Human
"The location is ideal. My room was very small. My overall impression of the installations was that the Hotel needs an overall refit (slow elevators, small reception, charmless floors…)",0,Catalonia Gran Vía Madrid,Madrid,1,False,Human,AI
"THE HOTEL HAS NO PARKING. The information that there is parking is completely biased. If you enter the hotel's advertisement on booking, the first information that appears is ""parking available"". Later, on the same page the information is repeated. Only if you go after all the information about it do you discover that there is no parking. There are paid parking lots (36 euros a day - for me the price was irrelevant) close by. But to say that there is ""parking available"" is an untruth. It's as if any hotel in the center of a big city had parking available.... Because there's always paid parking close by. It turns out that this information harms guests. In my case, all I needed was parking at the hotel. A reception that assisted with luggage. And I didn't. I was traveling with my wife, my two children, one of them babies, and the two grandmothers. Various luggage. I trusted the “parking available” information. I had to stop at a parking lot 200 meters from the hotel and make three trips to carry everything I needed. This issue detracts from any positives there may be. The hotel is relatively good. We were well taken care of. Good shower. Towel rack. Great location. It just didn't have one of the most important items for me: parking. And the search in the app was for hotels with parking.",0,Catalonia Gran Vía Madrid,Madrid,0,True,Human,Human
ok location. the staff leave your room doors open after they are done cleaning and they don’t know how to fix basic internet/tv issues.,0,Catalonia Gran Vía Madrid,Madrid,0,True,Human,Human
"PERFECT LOCATION AND STAFF!. Very good please, recommended! Everything was perfect!",0,The Prime Delhi,New Delhi,0,True,Human,Human
"Really nice welcoming reception, nice staff, good breakfast, nothing else to Say, clean sheets, nice room.
Wonderful stay",0,The Prime Delhi,New Delhi,0,True,Human,Human
"The location of the hotel is very strategic and easily accessible. This is a brand new hotel, so all the amenities are clean and nice! The managers, Amar and Mohamad, gave us a decent service, they will always be on the laptops. Baskar, the bell boy, was super helpful, and he was a gem! There was almost nothing to dislike about this hotel; everything was nice and decent. The front desk manager is highly concerned about your good review.",0,The Prime Delhi,New Delhi,0,True,Human,Human
"Nice clean rooms, very prompt & helpful staff, good breakfast, food taste was excellent, convenient location walking distance from metro station and close to New Delhi station also, overall excellent stay Room was bit small, some construction making path from metro to hotel bit inconvenient, food variety for dinner could be increased",0,The Prime Delhi,New Delhi,1,False,Human,AI
Over all good experiance Work was going in another room--Lot of sound and disturbance.,0,The Prime Delhi,New Delhi,0,True,Human,Human
Breakfast is awful. Location is in the dump Everything,0,The Prime Delhi,New Delhi,0,True,Human,Human
"Breakfast was good Cleaning: we found a pair of slip in the toilet, and they then put them in our backpack when we were out.
Organisation: we had to change room during the second night",0,The Prime Delhi,New Delhi,0,True,Human,Human
Just the staff workers were nice and helpful Everything other than the staff was pathetic,0,The Prime Delhi,New Delhi,0,True,Human,Human
"The minor staff was helpful and supportive. We were a family of 6 adults and 2 children where we booked 3 rooms and the rooms were given on 3 separate floors. When we checked with the management staff was not willing to allocate at least 2 rooms on the same floor even when the availability was there. 
The ACC was not functioning properly in 2 rooms and had to call multiple times to ask for a fix which ended up with nothing, finally a room change was given to 1 room 15 minutes after midnight.",0,The Prime Delhi,New Delhi,0,True,Human,Human
"I was moved to a different property due to some issues with the room. They should have informed this earlier, so please watch out for such issue.",0,The Prime Delhi,New Delhi,0,True,Human,Human
It was quite good location and staff was very friendly. Nothing at all.,0,FabHotel White Klove Paharganj,New Delhi,0,True,Human,Human
"Normal room, but sheets and pillows had marks from previous guests on them. Unexceptable, they need to make sure to put in new sheets rather than use old ones that are marked. Other than that the stay was good tho, the staff were great and the food was really good",0,FabHotel White Klove Paharganj,New Delhi,0,True,Human,Human
"Staffs are amazing , on front desk Mr Azhar and Juned are best , their friendliness and happy face makes feel like home Need to consider for cleaning.",0,FabHotel White Klove Paharganj,New Delhi,0,True,Human,Human
"Location,Bar Need some Maintinance",0,FabHotel White Klove Paharganj,New Delhi,0,True,Human,Human
Location and Service crowded area,0,FabHotel White Klove Paharganj,New Delhi,0,True,Human,Human
"Room was spacious. Had sofas and a table. Cleanliness was missing.
Wifi was not working at all.
There was an eerie smell in the room when we entered.",0,FabHotel White Klove Paharganj,New Delhi,1,False,Human,AI
"Nothing, only staff were helpful. Rooms, blankets etc.",0,FabHotel White Klove Paharganj,New Delhi,0,True,Human,Human
Staff was very nice There is food totally bad and room is very bad smelly and the bathroom was also not good,0,FabHotel White Klove Paharganj,New Delhi,0,True,Human,Human
"- The rooms did not look the same as the pictures
- condition of bedding / towels was not good
- general room condition was poor",0,FabHotel White Klove Paharganj,New Delhi,0,True,Human,Human
"The bed was ok and the room was spacious The rooms are in conditions way worse than the pictures, they are not properly clean (not even towels and bed linen), you can find small cockroaches in the bathroom, which doesn't smell good and half of the plugs don't work",0,FabHotel White Klove Paharganj,New Delhi,0,True,Human,Human
"Everything ! Food, Vibes, Hospitality ! Nothing",0,Andaz Delhi Aerocity- Concept by Hyatt,New Delhi,0,True,Human,Human
"Location of the hotel 
Breakfast was very good
Staffs was very attentive -",0,Andaz Delhi Aerocity- Concept by Hyatt,New Delhi,0,True,Human,Human
"The location is really good and the breakfast was very good. While checking out, I was told by the staff that I can buy hyatt merchandise online, but later found that I can't.",0,Andaz Delhi Aerocity- Concept by Hyatt,New Delhi,0,True,Human,Human
The fluidity of the space the friendly and discreet staff The passage to the rooms was like a maze.,0,Andaz Delhi Aerocity- Concept by Hyatt,New Delhi,1,False,Human,AI
"I arrived early in the afternoon and left very early the following morning. This was a very comfortable layover in between two long flights. The Andaz is spacious, modern, comfortable and well kept. A very nice-size room with inner yard view, with a large table to do some work at. A great gym and a nice outdoor pool (although too hot!). I had dinner at the restaurant and it was delicious. The Gin bar is a small gem....:) A very good place for when you need a good quality airport hotel. Excellent shuttle service too. - hard to find anything negative as it was a very short stay and really enjoyed it.",0,Andaz Delhi Aerocity- Concept by Hyatt,New Delhi,0,True,Human,Human
"location is good blaring music in the middle of the night 
staff calls at the middle of the night to clear utensils even though we told them we had a sick child",0,Andaz Delhi Aerocity- Concept by Hyatt,New Delhi,0,True,Human,Human
The location and the cleanliness The aircon wasn't working and staff did nothing to help after few too many phone calls we got a table fan at 4am and we had a early check out at 6am and all we got was 'sorry for the inconvenience' from the staff which does not make up for our sleepless night as the temperature was too hot in the room.,0,Andaz Delhi Aerocity- Concept by Hyatt,New Delhi,0,True,Human,Human
Location only Everything…Is is not concept by Hyatt…,0,Andaz Delhi Aerocity- Concept by Hyatt,New Delhi,0,True,Human,Human
"Room was spacious and comfortable. Food was bad, ordered green salad for in room dining I got stale tomatoes, contacted resturant to change unfortunately when they bought green salad I had same issue. There options for midnight carvings are very limited.",0,Andaz Delhi Aerocity- Concept by Hyatt,New Delhi,0,True,Human,Human
"Food was excellent We were provided room on the 6th floor, the AC was not working in the room, even after multiple complaints not much was done, after one hour our room was changed and we were given a room on 4th floor. I was traveling with my family and we had booked 2 rooms, one was higher category than the other and the higher category had the AC issue. Then I was asked at the time of checking the reason for our stay and told them that it was my Dad's birthday, they said that they will arrange something at the time of out checkout the next day which never happened. I mean atleast don't promise if you can't do it, I didn't expect it in the first place. We wanted to go to the Italian restaurant and the way was really confusing and at one point we had to cross the entrance of Khubani and I must say the entry staff of Khubani are the rudest people we have met, they asked us to go all the way out to cross the path as it was their property, we tried telling them nicely that we just needed to cross and in no way we are entering Khubani, it's just the path we need to cross but the female staff was literally yelling at us. We felt highly insulted, finally one staff let us go, my sister was about to cry. It was by far my worst experience, your staff is roaming around like headless chickens, and Khubani (if it is Part of your property or not) should have more courteous staff, their behavior was uncalled for. One more thing even after confirming that the food bill can be posted on the room, your coffeeshop guys did not agree and I had to settle the bill right then and there, ideally no issue for me to settle the bill, but it just created a weird atmosphere when i am hosting the dinner.",0,Andaz Delhi Aerocity- Concept by Hyatt,New Delhi,0,True,Human,Human
"Nice room, staff are very nice and friendly to me. My room was cleaned everyday without asking them : ) It’s very near to the tower, I walked to it directly. It’s really just next to Seine! And the bridge in movie INCEPTION is also next to it! I’ll recommend to my friends who will come to Paris! nothing",0,Hotel Eiffel Seine,Paris,0,True,Human,Human
"So close to the Eiffel Tower and straight across the road from a train station. Shops and restaurants all around, couldn’t ask for anything better.",0,Hotel Eiffel Seine,Paris,0,True,Human,Human
good location and traffic transportation Sound insulation effect,0,Hotel Eiffel Seine,Paris,0,True,Human,Human
"it is so wonderful to have a staff called Will(abbreviated) always so helpful and kind 
and patient!
we also are very impressed about the location which help us to go no matter by train or by foot are all convenient ！",0,Hotel Eiffel Seine,Paris,0,True,Human,Human
"The Air Conditioning was great, must have in July! Very clean and comfortable, staff very friendly. A great location.. great restaurants within a few minutes walk. The Eiffel Tower was a few blocks away. Highly recommend!",0,Hotel Eiffel Seine,Paris,0,True,Human,Human
"Location Dirty rooms, carpert filthy",0,Hotel Eiffel Seine,Paris,0,True,Human,Human
"Location The ""superior"" garden room was like sleeping in a basement. Carpet was stained and disgusting. Two front desk staff -- one very smug and with big attitude. Overall negative vibe and experience. Not as advertised online. Disappointed and was not a good value. Would not recommend.",0,Hotel Eiffel Seine,Paris,1,False,Human,AI
"The staff were very nice and helpful with directions. The room was too small, the bathroom was right by the bed hardly any space to move and the carpet was filthy.
The elevator was so tiny enough for only two persons with a small carryon. The corridor was very narrow. Everything is screaming for a renovation.
The price through the hotel was 219 euros per night we paid 260 euros through booking.com which was a ripoff.
Not at all happy or satisfied either with the hotel or the App “booking.com”.
I do not suggest both to anyone.",0,Hotel Eiffel Seine,Paris,0,True,Human,Human
"Having been in Paris a few times, I have learned that location is key. This is in one of the best places in my opinion as far as location. 10 minutes walk to the Eiffel Tower, right next to the metro, sits off of the bank of the Seine River, one of the most magical and most famous places to take pictures around the tower. The hotel would
have been better with AC, if this isn’t an issue for you. then you will be fine. the staff is great. the Lao action is fantastic and there are lots of places to eat right outside of the hotel. not very clean. AC is broken, very very small rooms.",0,Hotel Eiffel Seine,Paris,0,True,Human,Human
"central Paris. the specific location is in a very busy, grunge portion of the city. did not feel safe at all. would not recommend this property at all",0,Hotel Eiffel Seine,Paris,0,True,Human,Human
perfect location to walk around the city. amazing room. professional and very kind staff (a further remark to the concierge service: day by day they helped us in making unforgettable our stay!). we will return..for sure!,0,Sofitel Le Scribe Paris Opera,Paris,0,True,Human,Human
"As per usual, the stay was exceptional. Perfect location, in the heart of Paris. Luxurious rooms with new, modern furniture. The rooms and bathrooms were cleaned everyday, and sweet treats were left for us on our beds. Every year we visit Paris, we insist at staying in your hotel! Feels like home each time we visit. Special thanks to laeticia for offering us a free upgrade for one of the rooms and her colleague for providing us with a smooth check-in, hassle free. Sofitel Le Scribe is one of the best 5-star hotels in Paris. Nothing.",0,Sofitel Le Scribe Paris Opera,Paris,0,True,Human,Human
"the location was amazing, the staff was superb and very helpful",0,Sofitel Le Scribe Paris Opera,Paris,0,True,Human,Human
Friendly and helpful staff,0,Sofitel Le Scribe Paris Opera,Paris,0,True,Human,Human
The room was incredible and the breakfast is definitely worth trying. Staff very professional and great room service,0,Sofitel Le Scribe Paris Opera,Paris,0,True,Human,Human
"The room size was really small and there was no safety box at the room. Also, the hotel shutdown the electricity at one night for 5 hours due to maintenance and they charged us full night which is not fair. i am really disappointed.",0,Sofitel Le Scribe Paris Opera,Paris,0,True,Human,Human
"at 12 20 am the hotel makke test for electric which take 3 hours no elevator, my room in the 6th floor, 5 stars hotel",0,Sofitel Le Scribe Paris Opera,Paris,0,True,Human,Human
"breakfast in a dark basement , and unprofessional staff.
price too high for the quality of the room",0,Sofitel Le Scribe Paris Opera,Paris,1,False,Human,AI
"Location Summary: This is for sure not a 5 star hotel, more low to mid 4 star hotel. If you want a 5 star hotel with clean and fresh rooms, good restaurant or any kind of decent service, you should definitively not stay here. I will not come back here or to any other Sofitel hotels again.",0,Sofitel Le Scribe Paris Opera,Paris,0,True,Human,Human
i have been coming in a regular basis for 2 years now for business purposes and this was the worst welcome I had so far and will not come and stay there anymore i have been coming in a regular basis for 2 years now for business purposes and this was the worst welcome I had so far and will not come and stay there anymore,0,Sofitel Le Scribe Paris Opera,Paris,0,True,Human,Human
Everything is always first class at NH Carpegna. The front desk and restaurant staff are so incredibly friendly and gracious. This trip we were welcomed at checkin by Francesca and Giuseppe and we had warm goodbye's from Daniel and Valentina when checking out. And in the restaurant Carlo as usual was so friendly and helpful. They are all such wonderful people to deal with. There is nothing we don't like at HN Carpegna,0,NH Roma Villa Carpegna,Rome,0,True,Human,Human
"The facilities are good Very long service in the restaurant , the cleaning stuff was doing a favor to clean",0,NH Roma Villa Carpegna,Rome,0,True,Human,Human
Great location to stay to explore Rome and excellent pool for the kids Nothing,0,NH Roma Villa Carpegna,Rome,0,True,Human,Human
A peaceful respite after lots of touring! My room felt a little bit warm at night.,0,NH Roma Villa Carpegna,Rome,1,False,Human,AI
"The staff is lovely. The location is good for me, for family reasons, but I wouldn't pick it as a tourist. The hotel is comfortable, clean and well-run. The food is very good, except for a couple of slips here and there (see below). The pool is very nice. I come back every time I am in Rome. I feel at home. My room was right above the outside part of the restaurant, and late into the night I could hear the screeching, screaming and loud laughter of people there. It might be advisable to let guests sitting at the restaurant/bar in the evening know that they should keep their voices down after a certain hour -- or perhaps staff could warn the other guests that their room may be in a noisy part of the hotel, and offering them a room in a different area.
The idea of leaving cookies in the room as a welcome is lovely. Sadly, the cookies I found were stale, as was the bread I was served for dinner and some of the cookies served at breakfast.
The room has no dresser or drawers. It is hard to see where one would put one's clothes during a stay longer than a couple of days.",0,NH Roma Villa Carpegna,Rome,0,True,Human,Human
"Quiet rooms You can feel the springs of the mattress hurting your back. Breakfast didn't change for 7 days. The bathroom in the lobby smeels urine, swimming pool area smells urine also, by the beach chairs (filthy). We shouldn't have to pay 2 euros for each swimming pool towel we used. We shouldn't get charged for the drinks we took from the room fridge or there should be a sign when you book, stating we have to pay for the drinks (additional cost) NOT FREE!!. 2 adults and 1 special child in the room, which I payed extra money for the room size since my son uses a wheel chair.",0,NH Roma Villa Carpegna,Rome,0,True,Human,Human
"The hotel via automobile was relatively easy to find, excellent on site, no fee parking, the lobby is beautiful - we were greeted by NH Villa team upon arrival and invited to have a glass of prosecco.
The pool is beautiful, however as the hotel only has 5 sun umbrellas it is impossible to enjoy the pool unless one is securing a sun umbrella at 0700 hrs. We had booked a standard room and it was very simple, very small, no balcony, air conditioning barely working - we did ask to be moved to a larger room, which they could not do due to a conference on site.
Location if accessing via the Metro / train system is dreadful - it is a 3.4 km walk from Aurelia station to the hotel, very difficult to get a taxi. (we had returned our rental automobile). Due to the location being so inaccessible to the Metro, we changed hotels.",0,NH Roma Villa Carpegna,Rome,0,True,Human,Human
"Great location near the Vatican and the old town 
Free parking The a/c isn’t really doing a lot; especially if your room faces afternoon sun. 
And that’s true for all the rooms; and since years. 
It’s absolutely time to get that fixed. 
I stayed here a couple times now, and I will probably not come back. 
Stop telling people below their reviews how much you cherish their options and how much you’re looking to have them back to proof your services, if you don’t plan on changing what‘s not right. 
The a/c didn’t work well in 2019, and the issue is still there. 
25C is not a comfortable room temperature. 
And don’t get me started on washrooms… there’s black mold in the corners of the showers. 
An easy and fast fix, if management would care. 
The issues are in several rooms, over the last years. So it’s not a single case which just occurred to me this time.",0,NH Roma Villa Carpegna,Rome,0,True,Human,Human
The pool was nice There is not much to walk to in close proximity. Common areas were not clean and well lit (esp hallways) bar/restaurant understaffed. My room was overcharged for lunch (I did not order and eat three sandwiches as a solo traveler) and getting the charges reversed was neither straightforward nor transparent.,0,NH Roma Villa Carpegna,Rome,0,True,Human,Human
The bed was fairy comfortable. The reception area smelt like toilet cleaner. The breakfast was OK but dinner was appalling. The bathroom was very dated and old. I would say this hotel is a 3 star at best. Their overnight rate certainly does not reflect the average quality of this hotel. Very disappointed.,0,NH Roma Villa Carpegna,Rome,0,True,Human,Human
Beautifully thought out hotel for any traveller,0,Hotel 55 Fifty-Five - Maison d'Art Collection,Rome,0,True,Human,Human
"Location, hygiene, bathroom was spacious and breakfast Small rooms",0,Hotel 55 Fifty-Five - Maison d'Art Collection,Rome,0,True,Human,Human
"Perfect location, clean place, staff perfect and helpfull Nothing",0,Hotel 55 Fifty-Five - Maison d'Art Collection,Rome,0,True,Human,Human
Staff was extremely polite and helpful. Rooms were very clean It was noisy from the people going to breakfast because they pass next to all rooms on fifth floor.,0,Hotel 55 Fifty-Five - Maison d'Art Collection,Rome,0,True,Human,Human
"The location was great, staff was really friendly! Rooms were big we even were given an upgrade 😍 Breakfast probably wasn’t worth €15 euro, we also arrived late at night and stayed in annex building so we had to Treck our suitcases at 1am to the building. Other wise was a very good stay :)",0,Hotel 55 Fifty-Five - Maison d'Art Collection,Rome,0,True,Human,Human
"The hotel can barely be a 2 star hotel . The room had basically no window . Considering the glass was frosted as faced a courtyard with ugly dump 
I felt really miserable having booked the place",0,Hotel 55 Fifty-Five - Maison d'Art Collection,Rome,0,True,Human,Human
Location Construction in first floor,0,Hotel 55 Fifty-Five - Maison d'Art Collection,Rome,0,True,Human,Human
"Staff were really rude and not accommodating, gave us the wrong room which had other peoples things in it!!!",0,Hotel 55 Fifty-Five - Maison d'Art Collection,Rome,0,True,Human,Human
"The location is incredible. The actual rooms were spacious and well decorated. The room I was given faced the Main Street and it was impossible to sleep with the sounds of pedestrians screaming and singing from midnight until dawn when trash collectors could be heard emptying bins down bellow. 
Additionally they only seem to staff one person in the evenings and this individual would be inundated with complaints from other hotel guests. There wasn’t one evening during my stay that I didn’t walk into the lobby to witness some angry shouting for some reason or other.",0,Hotel 55 Fifty-Five - Maison d'Art Collection,Rome,0,True,Human,Human
"Location The lift broke down , hotel was at different location from booked",0,Hotel 55 Fifty-Five - Maison d'Art Collection,Rome,0,True,Human,Human
"I think the location was excellent, also the request for rooms to be close together was done which was extremely helpful and meant the time at the hotel was more convenient and fun.
When asked if my birthday cake could be put in a larger fridge as the one in the room was too small the staff were very helpful and said yes straight way, also any other requests were very helpful.
Room was cleaned everyday very well.
Eventhough we didn't use it the vending machine in the lobby with all extra toiletries seemed like a very good idea. Eventhough there were different culture options for breakfast, which was good there were not many of these options so choices were restricted.",0,Hotel Skypark Central Myeongdong,Seoul,0,True,Human,Human
The property is in the best location in Seoul. It’s right next to a metro station for the tourist attractions and is set in the bustling neighbourhood of Myeondong so is perfect for late evening strolls to take in some culture and shopping.,0,Hotel Skypark Central Myeongdong,Seoul,1,False,Human,AI
"Nice location, rooms are clean and comfortable. Can’t think of anything negative",0,Hotel Skypark Central Myeongdong,Seoul,0,True,Human,Human
The location is very good. It is accessible to almost all. None so far.,0,Hotel Skypark Central Myeongdong,Seoul,0,True,Human,Human
"Solid choice for a hotel; very nearby metro and bus lines, 1 minute walk to shopping areas. You have everything you need nearby. Table could be a bit bigger because we often have snacks.
Didn't use the breakfast facilities but that's because there's so many options nearby",0,Hotel Skypark Central Myeongdong,Seoul,0,True,Human,Human
"Only like the location 1) beds are sagging
2) furniture and facilities are old 
3) staff not friendly 
4) insufficient wardrobe space 
1).Really annoyed to be woken up by a call at 8.30am to be asked whether housekeeping can be skipped that morning - despite me having a “DO NOT DISTURB SIGN” 
2). Was asked to fill in feedback form at the start of check-in, in order for us to get our room slightly earlier. 
Very ridiculous that we were asked why we didn’t put a “5” rating feedback for the hotel in the TripAdvisor feedback form. (As we have not even gotten our room yet). It’s like asking us to help them give a false feedback.",0,Hotel Skypark Central Myeongdong,Seoul,0,True,Human,Human
"the room was really small and the staff were really nasty. Leong and Kim two male staff had this really bad bitchy attitude towards me when I try to ask for taxi to the airport. I had confusion about the pricing and they were inpatient to explain and even pretended that they don't understand English . really bad and unprofessional service delivery. won't go back again nor recommend it to anyone. also judging on the size of the room, it is really bad value for the prices. not worthy! I didn't even bother taking photos of the room. that's how disappointing it was",0,Hotel Skypark Central Myeongdong,Seoul,0,True,Human,Human
Location Location Location The smell of cigarette smoke every where from lobby to floor to bed room.,0,Hotel Skypark Central Myeongdong,Seoul,0,True,Human,Human
"location poor facilities, poor additional service; room is too small compared to its prices of 4 stars hotel, no amenities such as toothpaste and toothbrush, no mini bar, breakfast is so terrible and poor options.",0,Hotel Skypark Central Myeongdong,Seoul,1,False,Human,AI
"Location was central. They gave me a twin room that didn't even have windows. It was a room they carved out in the middle of the floor and had a fake window. It was hot and stuffy because there was no ventilation. I saw a smoking lounge near us so I asked to be transferred out of that room. To their credit, they finally gave me a real room with an actual window that looks to the outside. 
Every afternoon, I don't know if it was insecticide or some other product they use to clean -- but there would be a very strong odor of insecticide in the hallways.",0,Hotel Skypark Central Myeongdong,Seoul,0,True,Human,Human
"We loved how big the room was and how comfortable the beds were! the location is very close to the metro but also most of the Gangnam area which made it very easy to walk everywhere. fantastic staff, very friendly and helpful!",0,Stay Hotel Gangnam,Seoul,0,True,Human,Human
The staff are really nice! Location perfect! The shower place does not have curtain. Water will spill all over the place.,0,Stay Hotel Gangnam,Seoul,0,True,Human,Human
"Check in and check out process was simple .
Staffs were very helpful Soundproofing is bad. We were less annoyed by the sound because we enjoy strolling around Seoul from morning to night",0,Stay Hotel Gangnam,Seoul,0,True,Human,Human
"The front desk staff are polite, friendly and helpful. The rooms are clean and quiet. There are good restaurants and coffee shops all around the hotel. The internet is good. I like the quiet, calm and dignified atmosphere of this hotel. If you get a regular superior room the bathroom sink is poorly configured where there is no ledge to put your soap or toothbrush. I had to put my soap in a glass and put in the sink... This is a weird aspect of this hotel that I can't understand because otherwise everything else is on point. My workaround to that is to pay a little extra for a suite room which has a better set up where there is still no ledge but at least a functional equivalent around knee high.",0,Stay Hotel Gangnam,Seoul,0,True,Human,Human
"Very quiet hotel, great size of room which included a dressing area and everything clean every day. Bed and pillows extremely comfortable. Fresh dressing gown every day. It was even better than expected",0,Stay Hotel Gangnam,Seoul,0,True,Human,Human
"THERE IS NO BREAKFAST. 
THE TOILETS DO NOT HAVE SHOWER CURTAINS, WATER SPILLS ALL OVER. 
THERE ARE NO CLOSETS. LONG STAYS LIKE MINE GET UNCOMFORTABLE LIVING OUT OF SUITCASES ALL POINTS ABOVE NEED TO BE ADDRESSED.",0,Stay Hotel Gangnam,Seoul,0,True,Human,Human
staff was not helpful front desk staff,0,Stay Hotel Gangnam,Seoul,0,True,Human,Human
"location very dark room, no furniture for clothes, no sunlight at all",0,Stay Hotel Gangnam,Seoul,0,True,Human,Human
the only good thing about this place is the staff is nice. it was dirty and gross. there were splatters on the walls and a hole in the wall from a fist. the floors had hair all over them. the wall was crumbling. there was a huge vomit stain on the floor.,0,Stay Hotel Gangnam,Seoul,0,True,Human,Human
Location Ne breakfast,0,Stay Hotel Gangnam,Seoul,0,True,Human,Human
The staff was very helpful and friendly. The location was perfect for me to attend a conference at the convention center and for my mom and son to explore while I was away. The restaurant receptionist for reservations was not friendly.,0,Hamilton Hotel - Washington DC,Washington,0,True,Human,Human
"Amazing stay, the beds were so comfortable, staff were friendly and helpful, lovely bathroom, everything was clean and felt luxurious. Would definitely recommend! Also location was safe and walkable distance from lots of things and connected to bus routes. No complaints!",0,Hamilton Hotel - Washington DC,Washington,0,True,Human,Human
Linens were soft and the bed was very comfortable . Everything was well maintained and clean. I wish I had realized that they would valet the car.,0,Hamilton Hotel - Washington DC,Washington,0,True,Human,Human
"My daughter and I were taking a small getaway. We chose the hotel for the location, which was excellent. The room was clean and the bed was so comfortable. AND the smell in the lobby-WOW. It was fantastic to have something so fragrant every time we entered the lobby. The staff was very helpful, kind and professional. As is custom for hotels today, the mini-bar was not well-received by us due to it combining snacks and water with alcoholic beverages. It is very tempting for a family to grab without realizing the cost until after the sensor was activated and the room is charged. Providing a mini convenience area in the lobby would have offered variety in terms of snacks and would have had a variety of non-alcoholic drinks. As for the restaurant please have dishes that are non-dairy, my daughter didn't like anything on the adjusted menu and therefore had to settle on Five Guys and Chipolte.",0,Hamilton Hotel - Washington DC,Washington,0,True,Human,Human
overall it is great! The location is perfect. The room is kind of small and the two beds are full bed size. The front desk told us they are running out of free bottled water which is commonly provided in large hotels.,0,Hamilton Hotel - Washington DC,Washington,0,True,Human,Human
My request for the rooms to be closer considering it was mentioned right after the booking more than 2 weeks in advance,0,Hamilton Hotel - Washington DC,Washington,0,True,Human,Human
Cute restaurant There was a leak above our shower coming from the floor above.,0,Hamilton Hotel - Washington DC,Washington,0,True,Human,Human
Obviously a great location. Helpful to store bag free check out. Didn’t feel welcomed by the lady at the check in desk. Room was disappointing for the price. Didn’t feel the payment process was explained to me properly as a visitor from the U.K.,0,Hamilton Hotel - Washington DC,Washington,0,True,Human,Human
"Well, staff was unhelpful. We tried to get our vouchers for two breakfasts that I paid for with booking.com but were told there weren’t any. Even the manager. The sofa bed was broken, and we had to call many times for blankets for them. Then my daughter scraped her toe on the frame of the bed and we couldn’t even get a bandaid from the front desk. We were told we had to call security…This is
NOT a family friendly hotel.",0,Hamilton Hotel - Washington DC,Washington,0,True,Human,Human
"location was fabulous breakfast choice was very limited. we chose to eat elsewhere.
my credit card was over refunded! the hotel billing system is complicated, apparently my checking out invoice didnt contain all the charged items. unsatisisfactory",0,Hamilton Hotel - Washington DC,Washington,0,True,Human,Human
"The Hotel Ickale is a splendid choice for any traveler in Ankara. With its spacious, comfortable rooms and a welcoming, helpful staff, it truly made my stay enjoyable. Breakfast was delicious with a wide variety to fit anyone's palate. Slightly further from city center, yet still within reasonable accessibility.",1,Hotel Ickale,Ankara,1,True,AI,AI
"The hotel leaves a pleasant and comfortable impression. Its central location allows for easy access to attractions and services. The staff was welcoming and helpful, and the rooms were satisfactory in terms of comfort and cleanliness. The breakfast could have had a better variety, and the decor is a bit outdated.",1,Hotel Ickale,Ankara,1,True,AI,AI
"The hotel was nicely located with convenient access to major attractions. Staff was courteous and professional. The room service could be a bit faster, but it wasn’t really a big issue.",1,Hotel Ickale,Ankara,1,True,AI,AI
"Ickale Hotel has an excellent location, very near to some top attractions. Rooms are spacious and clean. The staff were fantastic, really going the extra mile to ensure everything was perfect. The food is delicious and varied. I would most definitely recommend this hotel to anyone visiting Ankara.",1,Hotel Ickale,Ankara,1,True,AI,AI
"The staff at Hotel Ickale in Ankara were extremely friendly and accommodating. I found the rooms to be quite spacious and the amenities were up to the standard. The hotel's location was also very convenient, offering easy access to the city's main attractions. The breakfast options were a bit limited, but still satisfactory.",1,Hotel Ickale,Ankara,1,True,AI,AI
"The location was fairly central and easy to reach. The hotel feels significantly run down both inside and out. The staff members were not particularly helpful or open to providing assistance. Paradoxically, the WiFi was almost non-existence despite it being listed as a facility. The rooms were clean, albeit worn and in need of a renovation. Available amenities within the rooms were basic and dining options were limited and underwhelming in taste.",1,Hotel Ickale,Ankara,1,True,AI,AI
"Good location Outdated rooms, unprofessional staff, and lacking quality in food services.",1,Hotel Ickale,Ankara,1,True,AI,AI
"The location was central Unfortunately, the cleanliness was just not up to standard. I spotted dirt in several areas of my room, and the bathroom was not in the best condition either. The service was also lacking, with staff often seeming uninterested or unavailable. In this competitive industry, lack of attention to detail can seriously hinder a hotel's reputation. I cannot recommend this hotel and would advise other travelers to find another place to stay in Ankara.",1,Hotel Ickale,Ankara,1,True,AI,AI
"The breakfast had a nice variety of options and the restaurant on top of the hotel offers a great panoramic view of the city. There are a couple of issues I faced during my stay at Hotel Ickale. The elevators were out of service for a noticeable period, which is rather inconvenient if your room is on a higher floor. The air conditioning in the room was not working properly which made it uncomfortable during the night. Housekeeping wasn't up to par and could use improvement. Also, the walls seemed to have poor soundproofing, allowing me to hear all hallway noises.",1,Hotel Ickale,Ankara,1,True,AI,AI
The hotel is located in city center which is a plus. The rooms can be better cleaned. The carpet was stained and the furniture is old. The food also lacked variety. Staff need to improve on their customer service skills.,1,Hotel Ickale,Ankara,1,True,AI,AI
"Superb service from staff, spectacular views from higher floors, spacious and ultra clean rooms, proximity to various important landmarks The breakfast menu could do with more variety",1,Güvenay Business Hotel,Ankara,1,True,AI,AI
Güvenay Business Hotel in Ankara provided a wonderful experience. I found the staff to be exceptionally friendly and the rooms clean and comfortable. The location in the business district was also quite convenient. I would highly recommend this hotel.,1,Güvenay Business Hotel,Ankara,1,True,AI,AI
"The rooms were clean and comfortable, the location of the hotel is very desirable for business travelers. Excellent customer service. No significant downside to mention",1,Güvenay Business Hotel,Ankara,1,True,AI,AI
The staff was extremely helpful and accommodating. Clean and well-furnished rooms. Central location with easy access to public transport. The breakfast offerings could be more varied.,1,Güvenay Business Hotel,Ankara,1,True,AI,AI
"Clean rooms, friendly staff, and great location Lack of variety in food options",1,Güvenay Business Hotel,Ankara,1,True,AI,AI
"The location is pretty central, great for business travellers. Firstly, the beds are really uncomfortable and hard as a rock, resulting in a poor night's sleep. The bathroom wasn't that clean, and the shower was barely functional. Lastly, the hotel staff had some serious communication problems. Not all the staff could speak even basic English, which made it difficult to address any queries.",1,Güvenay Business Hotel,Ankara,1,True,AI,AI
"The hotel is situated in a good location in Ankara, offering easy access to the city. The price was also reasonable. The rooms left a lot to be desired. The furniture and overall decor looked outdated, giving the room a drab feeling. The cleanliness wasn't up to the mark either; there were dust bunnies underneath the beds, and the bathroom lacked essential toiletries. Additionally, the noise from the street was quite disruptive, and the lack of soundproofing only exacerbated this issue. The breakfast was underwhelming, with a limited range and quantity of food.",1,Güvenay Business Hotel,Ankara,1,True,AI,AI
"The staff at the Güvenay Business Hotel were polite and the location is quite convenient. Unfortunately, the overall stay was unsatisfactory. The room was not cleaned properly, there was a constant noise from the street and the breakfast did not meet my expectations. The wifi connection was also poor.",1,Güvenay Business Hotel,Ankara,1,True,AI,AI
"Central location The room was too small, the heating didn't work properly and the hotel staff was unresponsive to our complaints.",1,Güvenay Business Hotel,Ankara,1,True,AI,AI
"The location of the hotel was ideal, being in the center of Ankara; the room was clean. The staff could use a bit more training, they seemed inexperienced. Also, the noise from the nearby bars was quite loud during nights, which made it difficult to sleep.",1,Güvenay Business Hotel,Ankara,1,True,AI,AI
"Extremely comfortable beds, excellent breakfast buffet, and very friendly and helpful staff. The gym was a bit limited in terms of equipment.",1,Raymar Hotels Ankara,Ankara,1,True,AI,AI
Really enjoyed the spacious rooms and great view of the city. Can't think of any.,1,Raymar Hotels Ankara,Ankara,0,False,AI,Human
"Incredibly comfortable rooms, exquisite cuisine, and friendly staff that's always willing to help. The hotel is located in the Central Business District, making it highly convenient. Sometimes, the high number of guests can cause the elevators to get a bit crowded. But nothing too bothersome.",1,Raymar Hotels Ankara,Ankara,1,True,AI,AI
"Great location with easy access to attractions, excellent services from friendly and accommodating staff. No complaints found during my stay.",1,Raymar Hotels Ankara,Ankara,1,True,AI,AI
"Everything about the Raymar Hotels Ankara was top-notch. The rooms were spacious and clean, the staff was friendly and always ready to help, and the food was simply delicious. The location was also a major plus, with easy accessibility to major tourist spots. Honestly, I struggle to find any major downsides to this hotel. It surpassed all my expectations.",1,Raymar Hotels Ankara,Ankara,1,True,AI,AI
"Nearby public transportation access Disappointing room service, lack of cleanliness, unresponsive staff",1,Raymar Hotels Ankara,Ankara,1,True,AI,AI
"The impressive facade of Raymar Hotels Ankara indeed makes a promising first impression. The lobby area is amply spacious, filled with comfortable seating arrangements. Despite the grandeur, my stay was marred by numerous issues. Firstly, my room, though generally clean, had stains on the bathroom tiles and the bed linen was crumpled as if used. I asked for it to be changed but to no avail. The heating system in the room was faulty, leading to frosty nights. Worse yet, the promised high-speed Wi-Fi barely functioned which severely disrupted my work meetings. Moreover, the staff, though polite, lacked efficiency and commitment in solving any of the above mentioned issues. The food quality was mediocre with limited vegetarian options.",1,Raymar Hotels Ankara,Ankara,1,True,AI,AI
"The only redeeming feature of the hotel was its convenient location and the fairly comfortable beds. I had problems with the cleanliness of the hotel. The rooms were not properly cleaned and the towels and bed sheets weren't changed on a daily basis. The walls were thin, making it noisy, particularly at night. The dining area was unimpressive with limited selection of food. The hotel staff, while friendly, was not very responsive and oftentimes, inefficient. Their customer service needs significant improvement.",1,Raymar Hotels Ankara,Ankara,1,True,AI,AI
"Nothing. Horrible experience. Bad customer service, rooms were not clean and the food was below average.",1,Raymar Hotels Ankara,Ankara,1,True,AI,AI
"The staff was friendly and the location was conveniently close to the city center. However, the hotel's overall cleanliness needs major improvement, particularly in the bathrooms where there were signs of mildew. The noise level was also quite high, resulting in a lack of proper sleep.",1,Raymar Hotels Ankara,Ankara,1,True,AI,AI
"The Novotel Beijing Peace is located in a convenient part of town, near to shopping and dining areas. The room was clean, comfortable and spacious. It was also equipped with a modern and functional bathroom. The staff were very friendly and helpful, providing excellent service. The only downside was the breakfast dining area. It's a bit small and can get congested during peak hours.",1,Novotel Beijing Peace,Beijing,1,True,AI,AI
"My stay at Novotel Beijing Peace was, in one word, amazing! The hotel staff was very courteous and helpful and they even assisted us with some valuable local travel tips. The breakfast buffet was diverse enough to meet my dietary preferences. Moreover, the room was very clean and comfortable, offering splendid city views. Perhaps the only downside I would indicate is the traffic noise during daytime, but I guess that's beyond the hotel's control.",1,Novotel Beijing Peace,Beijing,1,True,AI,AI
"Fantastic stay at the Novotel Beijing Peace. The rooms were spacious and very clean, and the staff were super friendly and helpful. The location is superb, in the heart of the city, making access to major attractions a breeze. I particularly enjoyed the breakfast with a broad selection to cater to all tastes. The only small issue would be the limited English channels on the TV, but honestly, with so much to see and do in Beijing, we barely turned it on.",1,Novotel Beijing Peace,Beijing,1,True,AI,AI
"I thoroughly enjoyed my stay at the Novotel Beijing Peace. Its location is central and extremely convenient, being just a short stroll away from many major attractions such as the Forbidden City and the Wangfujing Shopping Street. The rooms were of a good size, clean and well-maintained, with a comfortable bed and a good selection of amenities. One particular highlight was the hotel's buffet breakfast – it had a diverse range of options, both Chinese and Western, and everything was fresh and delicious. The hotel also has a fitness center and indoor pool, which are well-maintained and much appreciated after a long day of sightseeing. The staff were consistently helpful and professional, and their effort to ensure that my stay was comfortable and enjoyable was very much appreciated. The only downside I could possibly add was a slight issue with the Wi-Fi in the room. It tended to disconnect intermittently, which made it a bit inconvenient for job-related work, but for general browsing it did the job.",1,Novotel Beijing Peace,Beijing,1,True,AI,AI
"The location of Novotel Beijing Peace was perfect, within walking distance to the subway station and shopping malls. The rooms were clean and spacious with a comfortable bed. In addition, the staff was friendly and helpful throughout our stay. The only negative aspect might be that the internet connection was a bit slow",1,Novotel Beijing Peace,Beijing,1,True,AI,AI
"The location is quite good, close to some tourist attractions The room was quite dated with clear signs of wear and tear. The cleanliness of the room left a lot to be desired as well. Service at the front desk was less than stellar.",1,Novotel Beijing Peace,Beijing,1,True,AI,AI
"The location of Novotel Beijing Peace is commendable. It is in close proximity to the subway and shopping district. The lobby staff were welcoming and tried to help in any way they could. The hotel experience was less than satisfactory. The rooms were drab, poorly lit and not properly cleaned. The in-room amenities were severely lacking – the WiFi connectivity was poor, and the television had very limited English channels. Furthermore, communication with the majority of staff was quite challenging due to barriers in language. The dining options in the hotel were not satisfactory - the food was bland and undercooked. The price was not reflective of both the service and the accommodations provided.",1,Novotel Beijing Peace,Beijing,1,True,AI,AI
"It has convenient location close to shopping district. Despite its prime location, the hotel rooms were extremely outdated. The WiFi was almost non-existent and the hotel staff was not cooperative. Room service was tardy and menu was not impressive. Overall, a disappointing stay.",1,Novotel Beijing Peace,Beijing,1,True,AI,AI
"The hotel's location is quite convenient, providing easy access to local attractions and public transportation My stay at Novotel Beijing Peace was filled with disappointment from the start. The check-in was slow with staff that seemed disinterested. The amenities were not up to par with what you would expect from such a renowned chain - the carpeting in the rooms was old and stained, the TV had a rather limited selection of channels and the air conditioning did not work, which made for some uncomfortable nights. Furthermore, the noise from the street was quite disturbing even during the night. Lastly, the food served for breakfast at the restaurant was bland and lacked variety.",1,Novotel Beijing Peace,Beijing,1,True,AI,AI
"Decent location and friendly staff Rooms seem to be outdated and smells of mildew somewhat. Shower drain doesn’t work properly and water leaks onto the bathroom floor making it a potential hazard. Despite repeated requests, the issues weren't addressed promptly. Hotel restaurant doesn't accommodate dietary restrictions well.",1,Novotel Beijing Peace,Beijing,1,True,AI,AI
"The Guo Ji Yi Yuan Hotel in Beijing had a truly outstanding service, with a very warm and welcoming staff. The rooms were clean, spacious, and well furnished. Located in the heart of Beijing, it was an amazing experience exploring the city with ease due to the hotel's convenient location.",1,Guo Ji Yi Yuan Hotel,Beijing,1,True,AI,AI
"The Guo Ji Yi Yuan Hotel in Beijing offered excellent service and exhibited tremendous hospitality. The location was quite convenient and central, making sightseeing an easy task. I was impressed with the cleanliness and modern amenities provided in the rooms, they made my stay extra comfortable. There weren't any significant drawbacks during my stay but I thought the variety in breakfast menu could've been more.",1,Guo Ji Yi Yuan Hotel,Beijing,1,True,AI,AI
Decent location. Lots of food options nearby. Rooms were a bit small.,1,Guo Ji Yi Yuan Hotel,Beijing,1,True,AI,AI
"the room was comfortable and clean, with good amenities provided. Staff was friendly and helpful the location was not very convenient for sightseeing around Beijing",1,Guo Ji Yi Yuan Hotel,Beijing,1,True,AI,AI
"Friendly and accommodating staff, comfortable rooms, satisfying breakfast Limited English speaking by some staff",1,Guo Ji Yi Yuan Hotel,Beijing,1,True,AI,AI
"The hotel's location was quite convenient for my itinerary. Unfortunately, the hotel's services were below expectations. The rooms were poorly maintained and cleanliness was a major issue. The food was unpalatable and the hotel staff exhibited a language barrier which made it difficult to resolve issues. I wouldn't recommend this hotel due to its lack of comfort and poor customer service.",1,Guo Ji Yi Yuan Hotel,Beijing,1,True,AI,AI
"Convenient location - Poor breakfast selection 
- Washrooms need refurbishing 
- Staff had limited English skills 
- The rooms didn't feel clean",1,Guo Ji Yi Yuan Hotel,Beijing,1,True,AI,AI
It was in an accessible location The room condition was poor and the staff were not accommodating,1,Guo Ji Yi Yuan Hotel,Beijing,1,True,AI,AI
"Close to main road and relatively near to Public Transport. The facility was outdated, the bathroom was not clean and the reception staff was quite unwelcoming. What bothered me the most was the fact that nobody at the reception spoke English, which made the communication extremely difficult.",1,Guo Ji Yi Yuan Hotel,Beijing,1,True,AI,AI
"The location in Beijing is good The stay at Guo Ji Yi Yuan Hotel was a disappointing one, mainly due to the poor customer service, and the state of the rooms. They were not kept clean, and the bathrooms were in poor shape. The WiFi was slow and intermittent, making it difficult to stay connected. The restaurant had limited food options, and what was available did not meet expectations. I would urge travelers to consider other options in the city.",1,Guo Ji Yi Yuan Hotel,Beijing,1,True,AI,AI
"The location, balcony and a fantastic room layout were what made me fall head over heels for the AMANO East Side in Berlin. The convenience of having both a snack bar and a restaurant within the hotel made my stay even more enjoyable. The staff were extremely hospitable and helpful, always ready to assist with any needs or queries. The room was spotlessly clean, comfortable and cozy with a beautiful view over the buzzing streets of Berlin. Very minor issue, the Wi-Fi connection could be a bit shaky at times which can be a bit inconvenient when you're trying to plan your day or check emails.",1,AMANO East Side,Berlin,1,True,AI,AI
"AMANO East Side in Berlin had exceptional service and fantastic facilities. The rooms were stylish, modern, and kept impeccably clean. The staff were always friendly and willing to help with any requests. There was nothing I could fault.",1,AMANO East Side,Berlin,1,True,AI,AI
"The hotel was stylish with a neat lobby and a charming bar, located perfectly in the city center allowing easy access to numerous attractions. Our room was clean, well-maintained and we definitely enjoyed the comfortable bedding. The staff was polite and very helpful, round-the-clock. Though the lack of a gym was slightly disappointing, the overall experience made up for it.",1,AMANO East Side,Berlin,1,True,AI,AI
"I had a fantastic stay at the AMANO East Side in Berlin. The hotel is conveniently located near many city attractions and transport links, making it easy to explore the city. My room was clean, spacious, and had a sweeping view of the city. The staff was incredibly hospitable, making me feel at home during my stay. The onsite restaurant served up some superb meals which just added to my overall experience. An improved Wi-Fi speed would have been appreciated for better video calls.",1,AMANO East Side,Berlin,1,True,AI,AI
"Very chic hotel with a modern Art Deco inspired interior. The breakfast was fabulous with a wide range of food from different international cuisines. The location was absolutely perfect, with a lot of shops, cafes, bars, and attractions within walking distance! I wish the windows in the rooms could be opened for fresh air. However, the hotel did have a good AC system.",1,AMANO East Side,Berlin,1,True,AI,AI
"The hotel's location is accessible and convenient as it is near to the city center. The views from the rooftop bar were splendid. The rooms were not soundproofed, which made my stay quite unpleasant due to the ongoing noise from outside traffic and from adjoined rooms. The customer service was not up to the standard too. The cleanliness of the rooms and the common areas need a lot of improvement, hygiene needs to be given more importance. Lastly, the breakfast had limited options with pretty mediocre quality.",1,AMANO East Side,Berlin,1,True,AI,AI
"The hotel's location was convenient for accessing various parts of Berlin My experience at AMANO East Side was relatively disappointing. Firstly, the room's acoustics were not up to par, with external street noise prominently audible. Secondly, the service fell short of expectations - particularly in terms of housekeeping and reception staff responsiveness. Lastly, the Wi-Fi connection was underwhelming, providing subpar speeds which hindered my ability to work seamlessly.",1,AMANO East Side,Berlin,1,True,AI,AI
"The proximity of the hotel to the main train station was very handy, also the physical appearance of the hotel and room was quite appealing. The room was very noisy, we could hear the traffic from the main road all day and night, making it very hard to sleep or relax. Also the staff was not very friendly or helpful. Room service was also poor, with the room not cleaned properly, and amenities not replaced regularly. The breakfast selection was basic and not worth the price.",1,AMANO East Side,Berlin,1,True,AI,AI
"The East Side location is quite suitable for sightseeing and the overall look of the hotel is sleek. However, there were noise disturbances at night from the nearby party district which resulted in restless nights. Also, the rooms were smaller than expected based on the hotel pictures.",1,AMANO East Side,Berlin,1,True,AI,AI
"I liked the location and the architecture of the building. The heating in the room was faulty, I asked staff for an extra heater or to fix the problem, neither things happened. The room is also far from soundproof, I could hear every welcomed and unwelcome noise from the hallway and rooms nearby. Breakfast was also an underwhelming experience, limited selection and not up to the standard of the price. Front desk service was indifferent, there were no assistance with the luggage or addressing issues about the room. Overall, a very disappointing stay.",1,AMANO East Side,Berlin,1,True,AI,AI
"Staff is friendly and helpful. Room was clean, breakfast was delicious as well Couldn't find any negatives",1,Eurostars Berlin,Berlin,0,False,AI,Human
"The Eurostars Berlin is an excellent choice for anyone travelling to the city. The location is prime, close to the busy district but quiet enough to get a good night's sleep. The rooms were clean, and the staff were very kind and accommodating. The breakfast was well worth the price, offering a variety of choices from traditional options to healthier ones. I can't think of any particularly significant downsides to this hotel. While there's always room for improvement, I found their services to be in line with what one would expect from a hotel of this standard.",1,Eurostars Berlin,Berlin,1,True,AI,AI
"The Eurostars Berlin is a beacon of luxury in the heart of Berlin. Its decor is fascinating, breakfast is delicious, and the service is impeccable.",1,Eurostars Berlin,Berlin,1,True,AI,AI
"Eurostars Berlin hotel defines comfort and luxury. The rooms are well-furnished, clean and spacious. The service was impeccable, and the staff was eager to assist. Located in the heart of the city, the hotel offers easy access to popular tourist spots. While overall excellent, the wifi connection in my room did lag at times",1,Eurostars Berlin,Berlin,1,True,AI,AI
"Eurostars Berlin is an exceptional hotel. The rooms are spacious, impeccably clean, and tastefully decorated. The staff is sociable, attentive, and always ready to assist. Located in the heart of Berlin, it's minutes away from the best parts of the city. The hotel's restaurant was the highlight of our stay - the menu was diverse, and every meal we tried was exceptional. The only downside I could think of is its popularity which necessitates booking well in advance.",1,Eurostars Berlin,Berlin,1,True,AI,AI
"The entrance of the Eurostars Berlin Hotel looks great and the location is very convenient for tourists, being located in the city center. However, the rooms lacked cleanliness. There was dust on the furniture and the bathrooms had broken fittings. The breakfast was subpar considering the price and the service was not very friendly. Furthermore, the noise from the road was clearly audible making it difficult to have a good night sleep. WiFi was also problematic, with a very weak signal.",1,Eurostars Berlin,Berlin,1,True,AI,AI
"The hotel has a good location, close to shops and restaurants. The room was far too hot and there was no way to cool it down. The windows do not open and the air conditioning wasn't working properly. Also, the breakfast is very limited especially for vegans. Lastly, the WIFI connection was really poor. I would not recommend staying there if you have work to do.",1,Eurostars Berlin,Berlin,1,True,AI,AI
"The location was good The room was fairly clean, but with a dusty carpet. The staff was not very friendly, especially at the reception. The noise insulation could be improved, as I could hear people in the next room. The breakfast was also quite expensive for what was offered, and they even tried to charge us again after we had already paid.",1,Eurostars Berlin,Berlin,1,True,AI,AI
"Exceptional architecture and central location. The rooms were not well soundproofed, the noise from the neighboring room was disturbing. The customer service was also lacking, with a long check-in and no help offered with luggage. The in-room dining menu was limited and lacking in quality.",1,Eurostars Berlin,Berlin,1,True,AI,AI
"Central location with easy access to public transportation. Comfy beds. Despite the central location, the overall experience was underwhelming. The staff at the reception desk were rather cold and seemed to be disinterested. Room service was quite slow and the food was mediocre at best. The room itself, although clean, was very basic and lacked the charm you would expect from a hotel of this caliber in a city like Berlin.",1,Eurostars Berlin,Berlin,1,True,AI,AI
"The hotel staff were incredibly accommodating and friendly. The location of the Central Hotel was excellent, close to many of the city's attractions. The rooms were clean and comfortable, providing a good night's sleep. The breakfast selection could use more variety, and the WiFi had a tendency to drop out intermittently.",1,"Central Hotel, Trademark Collection by Wyndham",Bucharest,1,True,AI,AI
"The Central Hotel, Trademark Collection by Wyndham in Bucharest provided a delightful stay. Its central location made exploring the city a breeze, the rooms were spacious and impeccably clean, and the hotel's staff was remarkably courteous and helpful. The Wi-Fi connection was occasionally patchy in the room, which could be improved for a seamless experience.",1,"Central Hotel, Trademark Collection by Wyndham",Bucharest,1,True,AI,AI
"The hotel location is very central with all major attractions within walking distance. Sleek modern decorations in the room, very vibrant. Staff was extremely helpful and kind. Good value for money. Breakfast could be improved.",1,"Central Hotel, Trademark Collection by Wyndham",Bucharest,1,True,AI,AI
"Central Hotel, Trademark Collection by Wyndham, Bucharest was a fantastic stay. The hotel is incredibly spacious and clean with modern design. The room was very comfortable and quiet, providing an excellent night's sleep. The staff was exceptionally helpful and went above and beyond to ensure I was comfortable and satisfied with my stay. The breakfast provided was tasty with a good variety. The location is unbeatable, right in the heart of Bucharest with an easy walk to many sights, restaurants, and shops. I truly have no negative remarks to make about my stay. It was superb.",1,"Central Hotel, Trademark Collection by Wyndham",Bucharest,1,True,AI,AI
"Central hotel features comfortable rooms, hospitable staff, and it's perfectly situated close to local attractions. The breakfast is also rich and delicious. A little noisy due to the central location.",1,"Central Hotel, Trademark Collection by Wyndham",Bucharest,1,True,AI,AI
"The hotel's central location is its only saving grace. Room was uncomfortable and quite unclean, lacks basic amenities. The overall service was disappointing with unattentive staff. The noise from the street at night was unbearable and the breakfast was unremarkable.",1,"Central Hotel, Trademark Collection by Wyndham",Bucharest,1,True,AI,AI
The location of the hotel was quite handy. The room was very small and had a bad smell. The breakfast was poor and the reception staff were not helpful or friendly.,1,"Central Hotel, Trademark Collection by Wyndham",Bucharest,1,True,AI,AI
"The hotel is centrally located, making it easy to explore the city. The rooms were outdated and the beds uncomfortable. There was also a lack of communication from the staff.",1,"Central Hotel, Trademark Collection by Wyndham",Bucharest,1,True,AI,AI
"Centrally located Mattresses were too hard and uncomfortable, also the wifi was erratic and kept on dropping",1,"Central Hotel, Trademark Collection by Wyndham",Bucharest,1,True,AI,AI
"The room was not as clean as expected, I could find dust on the surfaces and corners. The breakfast was unvaried and rather bland. Issues with wifi coverage made working in the room problematic. The heating system was not efficient enough to keep the room comfortable during the night.",1,"Central Hotel, Trademark Collection by Wyndham",Bucharest,1,True,AI,AI
"The location of Pestana CR7 Gran Vía Madrid in central Madrid is unbeatable. The rooms are trendy and well-maintained with comfortable beds. The staff is friendly and always ready to assist. The price of the drinks at the rooftop bar were a bit higher than expected, but the view more than made up for it.",1,Pestana CR7 Gran Vía Madrid,Madrid,1,True,AI,AI
"What I loved about Pestana CR7 Gran Vía Madrid was its location, right in the heart of Madrid. The rooms were clean, modern, and well-maintained. The staff were friendly, helpful and made our stay more enjoyable. The rooftop bar was another highlight, offering stunning views of the city. There really wasn’t anything I didn't like.",1,Pestana CR7 Gran Vía Madrid,Madrid,1,True,AI,AI
"Absolutely loved my stay at Pestana CR7 Gran Vía Madrid. The room was spacious and immaculately clean, staff were exceptionally friendly, and the location was superb - all the major sights in Madrid were easily accessible. The rooftop pool was also a great bonus. Nothing significant comes to mind.",1,Pestana CR7 Gran Vía Madrid,Madrid,1,True,AI,AI
"The hotel’s location is central and convenient, the staff are friendly, and the rooftop bar has an amazing view. I also appreciated the thoughtfully designed rooms. None.",1,Pestana CR7 Gran Vía Madrid,Madrid,1,True,AI,AI
"Fantastic central location, room was very modern and clean. Staff were all friendly and going extra mile in customer service. Breakfast was delicious. View from the rooftop bar was spectacular. Everything was good, no downside.",1,Pestana CR7 Gran Vía Madrid,Madrid,1,True,AI,AI
"Great location with easy access to public transportation. Hotel rooms are uncomfortably small with inadequate lighting. The noise from the busy Gran Via street is unbearable and disrupts sleep. Also, the hotel seems understaffed as service is often slow and unresponsive. The breakfast spread is disappointing and not up to the standard for the price charged.",1,Pestana CR7 Gran Vía Madrid,Madrid,1,True,AI,AI
"Nice décor and central location. Room was not cleaned properly upon check-in. Communication with staff can be difficult, they do not always understand or seem interested. The dining room and seating area were often crowded and felt cramped. Noise from the nearby bars and restaurants could be heard well into the night, which made it difficult to sleep.",1,Pestana CR7 Gran Vía Madrid,Madrid,1,True,AI,AI
"The location of the hotel is fantastic with plenty of attractions nearby. Unfortunately, the staff at Pestana CR7 Gran Vía Madrid underwhelmed us with their service. They seemed uninterested or busy with other things, and this lack of attention left us feeling neglected during our stay. The room layout was odd too, and not as spacious as the photos suggested. Furthermore, we had issues with cleanliness in the bathroom and the noise from the street was also quite disruptive during the night.",1,Pestana CR7 Gran Vía Madrid,Madrid,1,True,AI,AI
"The location of the Pestana CR7 Gran Vía Madrid is fantastic. The overall hotel experience did not live up to my expectations. Rooms were smaller than expected with minimal amenities provided. The staff's customer service was below average and they were not very responsive. Additionally, the hotel's soundproofing was extremely poor, leading to sleep disruptions throughout the night.",1,Pestana CR7 Gran Vía Madrid,Madrid,1,True,AI,AI
"The rooftop pool and bar have exemplary views of the surrounding Gran Via area. The central location of the hotel is excellent, placing you within walking distance of popular tourist attractions. The room lacked basic amenities such as a kettle, tea or coffee facilities, and a fridge. The bathroom had no privacy as the toilet was effectively in the same room as the bed. The safe did not work and the management seemed uninterested in fixing it. Also, the customer service throughout the hotel was sadly subpar, the staff seemed flippant and unfriendly. Noise was also an issue - soundproofing needs improvement.",1,Pestana CR7 Gran Vía Madrid,Madrid,1,True,AI,AI
"Excellent location in the very centre of Madrid, quite spacious rooms and very nice rooftop pool. A bit noisy due to busy street even on high floors.",1,Catalonia Gran Vía Madrid,Madrid,1,True,AI,AI
"Great location in the heart of Madrid. Excellent service, lovely room",1,Catalonia Gran Vía Madrid,Madrid,1,True,AI,AI
"I really enjoyed the stay at Catalonia Gran Vía Madrid. The location was perfect, within easy walking distance of most tourist attractions and great restaurants. The staff were friendly and very helpful with suggestions for things to do in Madrid. The Wi-Fi signal was a bit weak in my room, which sometimes made it difficult to connect to the internet.",1,Catalonia Gran Vía Madrid,Madrid,1,True,AI,AI
"The rooms are spacious, clean, and well-equipped with comfortable beds and modern facilities. The hotel's location is stellar, it's right in the heart of Madrid, with excellent access to top tourist attractions, shopping, and a vibrant restaurant scene. The rooftop pool and bar offer truly stunning views of the city. Only minor point to improve would be the slow service at reception during peak check-in times.",1,Catalonia Gran Vía Madrid,Madrid,1,True,AI,AI
"Location was fantastic! Right in the heart of Madrid, access to all the city's main attractions was incredibly easy. Rooms were comfortable and staff extremely professional. Given the central location, street noise can be an issue if you're a light sleeper.",1,Catalonia Gran Vía Madrid,Madrid,1,True,AI,AI
"The hotel's architecture is appealing and its location is quite convenient, close to the city center. Unfortunately, my stay at the Catalonia Gran Vía was disappointingly unpleasant. The biggest downside was the noise level. As my room overlooked Gran Vía, a heavily trafficked street, it was incredibly noisy throughout the night. Although the hotel can't control the external noise outside, the sound insulation of the windows was far from adequate. Moreover, the air conditioning system did not function properly and the staff didn't manage to fix it, leading to uncomfortable nights spent in a stuffy room. Breakfast was also a concern. The breakfast room was very crowded, and the food variety was really uninspiring, hardly matching the quality you'd expect from a hotel of this type. Speed of service was slow and though many of the hotel's staff were very friendly, others seemed indifferent.",1,Catalonia Gran Vía Madrid,Madrid,1,True,AI,AI
"+The location - Room was noisy due to lack of sound proofing 
- Bathtub was clogged up, water did not drain 
- Elevators too small and felt claustrophobic",1,Catalonia Gran Vía Madrid,Madrid,0,False,AI,Human
"The hotel location is fantastic, right in the heart of Madrid. Although the location is great, the noise from the Gran Via was horrendous. It was almost impossible to sleep, even with earplugs provided. The bed was very uncomfortable. Moreover, the air conditioning unit in the room was extremely loud, making a good night's sleep impossible. Also, the hotel is undergoing a renovation which we were not made aware of during booking. It did, unfortunately, interrupt our stay due to the noise and dust.",1,Catalonia Gran Vía Madrid,Madrid,1,True,AI,AI
"Centrally located with easy accessibility The rooms were not well maintained, there was a distinct noise from the street, which made sleep difficult. Also, the staff seemed uninterested in helping and the WiFi was extremely slow.",1,Catalonia Gran Vía Madrid,Madrid,1,True,AI,AI
"The location of the hotel was great, right in the heart of Madrid. Despite the great location, my stay at the Catalonia Gran Vía Madrid was subpar. The room seemed to be dated with visible marks on walls and furniture. This certainly did not match the photos I initially saw on the website. Additionally, the noise from the busy Gran Via street was very noticeable and quite the disturbance during my bedtime. Lastly, the service was not particularly friendly or efficient. At times, it felt like I was an afterthought.",1,Catalonia Gran Vía Madrid,Madrid,1,True,AI,AI
"Great room size for the rate, very clean. Staff was extremely responsive and polite. Good location. It's close to the main city attractions. Nothing to report.",1,The Prime Delhi,New Delhi,1,True,AI,AI
"The Prime Hotel in Delhi was truly a delight. The service was impeccable with attentive and friendly staff, always ready to assist. The room was spacious, well furnished and extremely comfortable, making it a great place to unwind after a day of sightseeing. The food exceeded expectations with a variety of delicious local and international cuisines. Also, its central location made it easy to explore the city. I honestly struggled to find any significant flaws during my stay.",1,The Prime Delhi,New Delhi,1,True,AI,AI
"The location is central and easy to access, making travel around the city a breeze. The rooms are clean, well-maintained, and comfortable - a nice retreat after a day out exploring. Staff are warm, welcoming, and ready to cater to every need with a smile. They truly make the stay special. Dining at the in-house restaurant is also a delight, with a diverse menu and tasty dishes. A minor point - the noise from the street can sometimes carry into the rooms, but this is understandable being located in a busy city.",1,The Prime Delhi,New Delhi,1,True,AI,AI
"This property is a definite yes for those looking for a quiet, convenient and comfortable stay in New Delhi. The rooms are adequately furnished, clean and well-maintained. The staff are exemplary in terms of their polite demeanor and their readiness to assist in any way possible. Meals are served in a timely manner, and the food is delicious, with a good variety of dishes. The only slight hiccups were the WiFi connectivity, which was inconsistent at times and resulted in inconveniences, especially for business-related tasks. Also, the location, while being quiet, was a bit out of way from tourist spots and shopping malls, requiring some travel.",1,The Prime Delhi,New Delhi,1,True,AI,AI
"The Prime Delhi won me over with its friendly and accommodating staff, fantastic onsite restaurant, and clean, comfortable rooms. The hotel's proximity to numerous popular attractions was a great bonus and the ambience was beautiful. There is not much to dislike about this hotel. However, some may find the room service a bit too expensive.",1,The Prime Delhi,New Delhi,1,True,AI,AI
"The location of the hotel is favorable as it is located in the city center offering easy access to markets and tourist attractions. The property's infrastructure is also noteworthy. My experience at The Prime Delhi was underwhelming. The hotel staff's attitude was not as accommodating as expected, causing discomfort during my interaction. The rooms were not well maintained, the bed linens were untidy and the bathroom was not properly clean. The noise from the street was disturbing my sleep at night. Additionally, the service at the hotel's in-house restaurant was very slow and the food was just average, not aligning with my expectations.",1,The Prime Delhi,New Delhi,1,True,AI,AI
"The location was convenient, close to a few attractions. The shower was cold, the room was not as clean as expected, and the noise from the street was clearly audible.",1,The Prime Delhi,New Delhi,1,True,AI,AI
"The location of The Prime Delhi is fairly decent. The room quality was poor with worn-out furnishings and insufficient lighting. Also, the level of customer service left a lot to be desired mainly due to language barriers.",1,The Prime Delhi,New Delhi,1,True,AI,AI
"The staff were friendly and tried their best The hotel is run-down, the rooms are unclean and have a strong odor of smoke. The bed sheets and towels were stained, and the air conditioning unit was very loud. The bathroom was not maintained well with faulty plumbing.",1,The Prime Delhi,New Delhi,1,True,AI,AI
"Close to airport The hotel didn't meet my expectations at all. The rooms are outdated, and the cleanliness is questionable. As soon as we entered, I noticed that the sheets were not freshly washed. The food at their restaurant is also below average. Customer service is not their strength either, as my inquiries were either ignored completely or answered in a unsatisfactory manner.",1,The Prime Delhi,New Delhi,1,True,AI,AI
"The rooms were clean, cozy and well-equipped. The hotel offers a fantastic in-house restaurant with a variety of delicious dishes. Location could have been better with more amenities or attractions nearby.",1,FabHotel White Klove Paharganj,New Delhi,1,True,AI,AI
"Excellent location, just a few minutes from the station. Staff were very professional and polite. Room was clean and comfortable with all the necessary amenities. The food, especially breakfast, was delicious with a variety of choices. Wifi connection was a bit slow but manageable.",1,FabHotel White Klove Paharganj,New Delhi,1,True,AI,AI
"Staff were incredibly helpful and friendly. Exceedingly comfy beds, delicious food. It's a peaceful spot in a busy city. Close to the railway station, too. There's a bit of noise from the neighboring rooms, but it didn't bother me too much.",1,FabHotel White Klove Paharganj,New Delhi,1,True,AI,AI
"Very nice hotel in the middle of the bustling city of New Delhi. The rooms are quite clean and spacious, and the staff is extremely courteous and helpful. The surrounding area can be a bit noisy at night, but inside the hotel it's very peaceful",1,FabHotel White Klove Paharganj,New Delhi,1,True,AI,AI
"A clean and comfortable hotel with surprisingly spacious rooms for the location. The management and staff were extremely accommodating and made our stay delightful. The surrounding neighborhood can be a little bit busy, but the location is very convenient for sightseeing and trying local cuisine.",1,FabHotel White Klove Paharganj,New Delhi,1,True,AI,AI
"Convenient location Dirty rooms, poor service, and awful food",1,FabHotel White Klove Paharganj,New Delhi,1,True,AI,AI
"The location was convenient, easy to access various spots in the city. However, the service was not up to the mark. Internet connection was poor and there was a persistent unpleasant smell in the room.",1,FabHotel White Klove Paharganj,New Delhi,1,True,AI,AI
"The location is fairly central. Extremely noisy neighborhood, terrible service and the cleanliness standard was simply unacceptable.",1,FabHotel White Klove Paharganj,New Delhi,1,True,AI,AI
"The were some local marketplaces within reasonable distance. The room was not cleaned well upon arrival and the wifi was inconsistent throughout my stay. The air conditioner in the room was barely functioning, which made my experience at the hotel less pleasant given the intense heat of New Delhi.",1,FabHotel White Klove Paharganj,New Delhi,1,True,AI,AI
"The staff was courteous and the hotel's location made it easily accessible to many sights and scenes. The room was hardly clean, dust piling up in corners, and unwashed bedding. The Wifi was largely inconsistent and the food wasn't that great either. The narrow lanes leading up to the hotel could also be an issue for some.",1,FabHotel White Klove Paharganj,New Delhi,1,True,AI,AI
"The Andaz Delhi Aerocity by Hyatt was truly exceptional in every way. The staff was extremely attentive and went the extra mile to ensure a pleasant stay. The room was large, clean and had all the amenities I could ask for. I was particularly pleased with the bar, where the bartender was highly skilled and made incredible cocktails. The location is fantastic; it's an easy drive to the airport and the rest of the city. It was a wonderful base for my New Delhi adventure. I truly cannot think of any. Everything was just perfect.",1,Andaz Delhi Aerocity- Concept by Hyatt,New Delhi,1,True,AI,AI
"Hotel design is fabulous, food exquisite and staff go above and beyond to make your stay memorable. A slight disappointment was the in-room dining options which were slightly limited if you wanted something light to eat in the evening.",1,Andaz Delhi Aerocity- Concept by Hyatt,New Delhi,1,True,AI,AI
Excellent location; Very close to the airport. Lots of good eateries in and around the hotel with a mall nearby for shopping. Room service can be a bit slow during peak hours.,1,Andaz Delhi Aerocity- Concept by Hyatt,New Delhi,1,True,AI,AI
"The hotel stood out due to its exquisite interior design and world-class facilities. Its close proximity to the Aerocity provides excellent convenience for travelers, while the staff consistently delivered top-notch service, making me feel genuinely cared for.",1,Andaz Delhi Aerocity- Concept by Hyatt,New Delhi,1,True,AI,AI
"The location is perfect near to airport with many transportation options. Room was spacious, modern and clean, and the staff were incredibly helpful and friendly. Limited options in breakfast and slightly overpriced food at restaurant.",1,Andaz Delhi Aerocity- Concept by Hyatt,New Delhi,1,True,AI,AI
"The hotel's contemporary design is impressive, and the lobby is beautiful. Toiletries from Forest Essentials are provided and they smell good. The experience at Andaz Delhi Aerocity was far below my expectations. The room felt cramped and the lack of space was overwhelming. To my surprise, despite being a five-star hotel, there was no outdoor seating available. The service was quite poor and unprofessional, it took a long time for them to respond to any requests. Moreover, the food quality in their restaurants was subpar and overpriced. It wasn't worth the high rates they charge. Due to these reasons, I regret to say I wouldn't recommend others to stay at this hotel.",1,Andaz Delhi Aerocity- Concept by Hyatt,New Delhi,1,True,AI,AI
"The decor of the hotel was modern and aesthetically pleasing, and it's situated in a prime location for airport travellers. Despite a great location and pleasing decor, the service left much to be desired. The front desk staff was not attentive, and the room service was abysmally slow. The room, although expansive, showed signs of wear and tear. The internet connection was weak and unstable, making it difficult for me to get any work done or even basic browsing. In addition, the food quality needs improvement. Considering the price point, the experience was really not up to par.",1,Andaz Delhi Aerocity- Concept by Hyatt,New Delhi,1,True,AI,AI
Location near the airport Poorly maintained rooms and unprofessional staff,1,Andaz Delhi Aerocity- Concept by Hyatt,New Delhi,1,True,AI,AI
"The design of the hotel was trendy and appealing. Sadly, my experience at Andaz Delhi Aerocity was hugely disappointing. The room service was so slow I had to wait nearly two hours for a simple club sandwich. The cleanliness of the bathroom was questionable, and the noise levels were disturbing. The breakfast offering was mediocre with limited variety and the staff appeared disinterested. Not what I expected from a Hyatt.",1,Andaz Delhi Aerocity- Concept by Hyatt,New Delhi,1,True,AI,AI
"The location is very convenient, especially for business travelers. It’s just a short drive from the airport and the business district. Despite its convenient location, the soundproofing needs improvement. Noisy surroundings disrupted our sleep multiple times. The staff was not as prompt or attentive as you would expect in a luxury hotel. While the room was clean, it seemed smaller compared to the pictures online, more attention to detail would make a world of difference for the discerning traveler.",1,Andaz Delhi Aerocity- Concept by Hyatt,New Delhi,1,True,AI,AI
"Strategic location - near the Eiffel Tower and good restaurants. Rooms are a bit small, but it's common in Paris.",1,Hotel Eiffel Seine,Paris,1,True,AI,AI
"Hotel Eiffel Seine dazzled us with its elegant Parisian charm. The beautiful view of the Eiffel Tower from our room window was absolutely astonishing. The hotel itself was well-kept and clean, with exceptionally helpful and attentive staff who catered to our every need. The location was perfect, with easy access to various shops, cafes, and metro. The French-style breakfast spread at the hotel was delectable and provided a delightful start to our day. Perhaps the only minor issue was the slightly small size of the room. But considering the typical room size in central Paris, it was quite understandable and did not affect our overall stay.",1,Hotel Eiffel Seine,Paris,1,True,AI,AI
"Well appointed rooms, stellar location near the Eiffel Tower and the Seine River, multilingual staff who were very helpful, breakfast was diverse and abundant. The lift is a bit small which might be an issue for guests with big luggage.",1,Hotel Eiffel Seine,Paris,1,True,AI,AI
"I loved the quaint, French inspired decor of the hotel. The staff was extremely friendly and accommodating. The location was incredibly convenient, just a few minutes walk to the Eiffel Tower. The elevator was a tad small, but that's a small price to pay for the excellent service and location.",1,Hotel Eiffel Seine,Paris,1,True,AI,AI
"The Hotel Eiffel Seine in Paris was truly a unique experience. The hotel's location is spectacular, just a short walk from the Eiffel Tower and Seine River. The rooms are clean, comfortable, and the decorations provide a perfect blend of traditional and modern design. The staff is friendly, accommodating, and always ready to help with any questions or requests. The breakfast buffet was a delicious way to start the day, offering a vast selection of fresh fruits, croissants, and coffee. Unfortunately, the rooms are a bit small but it's a trade-off for a top-notch location.",1,Hotel Eiffel Seine,Paris,1,True,AI,AI
"The location of the hotel Eiffel Seine was its only saving grace, being pretty close to the Eiffel Tower and other attractios. The hotel was quite dated, the rooms had a musty smell and lacked basic amenities. The staff was not very helpful and there was a lot of noise during the night from the neighbouring rooms and street. The breakfast was very basic and not worth the price paid. Overall, it was a disappointing experience and certainly did not meet the expectations set from the hotel's website and other reviews.",1,Hotel Eiffel Seine,Paris,1,True,AI,AI
"The hotel is conveniently situated, offering easy access to many popular landmarks and attractions. The staff is multi-lingual and generally willing to help. Despite the great location, the hotel is riddled with problems. The rooms are quite small and are much in need of renovation. The beds were uncomfortable and witnessed noise leakage which disrupted sleep. WiFi connectivity was also poor and made it hard to work inside the room.",1,Hotel Eiffel Seine,Paris,1,True,AI,AI
"Prime location next to the Eiffel Tower and Seine river. Rooms were quite small and claustrophobic, making it nearly impossible to move around comfortably. Supply of toiletries was not adequate and the reception staff lacked manners and a welcoming attitude.",1,Hotel Eiffel Seine,Paris,1,True,AI,AI
"The Hotel Eiffel Seine is in a prime location, right in the heart of Paris with easy access to local attractions and amenities. However, the overall cleanliness of the hotel was quite disappointing. Our room wasn't cleaned properly, there were stains on the carpet and the linens, and the general atmosphere was one of neglect. Additionally, the staff didn't seem particularly engaged or eager to assist guests. The cost of the hotel didn't match the quality that was offered.",1,Hotel Eiffel Seine,Paris,1,True,AI,AI
"The location of Hotel Eiffel Seine is great - very close to the Eiffel Tower. However, the size of the rooms left much to be desired. They were incredibly small, even for Parisian standards. Noise pollution from other guests and the road outside contributed to disrupted sleep. In-room amenities were lacking, given the hotel's rating.",1,Hotel Eiffel Seine,Paris,1,True,AI,AI
"Sofitel Le Scribe Paris Opera has a perfect location. It's just minutes from the Opera and Galeries Lafayette. The staff were exceptional, polite, and always ready to help with a smile. My room was spacious with a comfortable bed and a great view of the city. The prices at the mini bar were a bit steep but this is to be expected in such a high-end establishment.",1,Sofitel Le Scribe Paris Opera,Paris,1,True,AI,AI
"The staff were attentive and thoughtful, the ambiance enchanting, and the room impeccably clean and comfortable. Its location was a bonus, right in the heart of Paris. Though generally excellent, the room service menu could use a little more variety.",1,Sofitel Le Scribe Paris Opera,Paris,1,True,AI,AI
"Marvelous hotel with top-notch facilities and a great location, close enough to the Opera house and Louvre Museum. Nothing notable",1,Sofitel Le Scribe Paris Opera,Paris,1,True,AI,AI
"A beautifully restored hotel right in the heart of Paris, with great access to shops and restaurants. Service is exceptional and the room is elegant and comfortable. Some street noise in the early morning",1,Sofitel Le Scribe Paris Opera,Paris,1,True,AI,AI
"The Sofitel Le Scribe Paris Opera offers a luxurious stay. The room was incredibly spacious and well-appointed with a supremely comfortable bed. The staff were commendably helpful and courteous, while services and amenities were top-notch. Its central location is a major plus, with major attractions within walking distance.",1,Sofitel Le Scribe Paris Opera,Paris,1,True,AI,AI
The architecture of the building and the opulence of the lobby The room was not up to the mark of a luxury hotel. The breakfast selection was limited and not restocked frequently enough. Overpriced.,1,Sofitel Le Scribe Paris Opera,Paris,1,True,AI,AI
"Centrally located, within walking distance to Opera. Room wasn’t particularly clean, encountered dust and grime in various spots. Service was underwhelming as well, considering the price and reputation of the hotel. Quite a disappointment overall.",1,Sofitel Le Scribe Paris Opera,Paris,1,True,AI,AI
"Good choice of breakfast, and excellent location. Overpriced and lackluster service. Rooms facing the main street are extremely loud due to traffic noise. Overpriced for the quality offered.",1,Sofitel Le Scribe Paris Opera,Paris,1,True,AI,AI
"The hotel is elegantly will appointed and maintaining some of its historical charm. The room was very small, the staff was unhelpful and dismissive, and the breakfast was mediocre and overpriced. The internet was slow and the room amenities were lacking. It was far below my expectations for a Sofitel property.",1,Sofitel Le Scribe Paris Opera,Paris,1,True,AI,AI
"The location of Sofitel Le Scribe Paris Opera was convenient for exploring the city. However, our experience at the hotel was below par. The room was far smaller than expected from the photographs online and lacked certain basic amenities. We found the bed uncomfortable and the cleanliness in some areas questionable. The noise from the adjacent rooms was audible all night. We also found the staff somewhat indifferent and unhelpful during many occasions throughout our stay. We overall felt like we didn’t get the value for our money.",1,Sofitel Le Scribe Paris Opera,Paris,1,True,AI,AI
"Impressed with the service, wonderful location, clean and spacious rooms Breakfast options could be improved.",1,NH Roma Villa Carpegna,Rome,1,True,AI,AI
Exceptionally clean with a friendly staff. The location was peaceful and quiet but still easy to travel into central Rome. The pool and outdoor area are a bonus. None at all,1,NH Roma Villa Carpegna,Rome,1,True,AI,AI
"The location was lovely, being in a quiet neighborhood, away from the hustle and bustle of the city center. The staff was friendly and helpful. The WIFI service was a bit spotty at times, which could be improved.",1,NH Roma Villa Carpegna,Rome,1,True,AI,AI
"The hotel has great, spacious, clean rooms with a lovely pool. The staff was super helpful and friendly. Its location is in a quiet part of Rome, yet just a quick bus ride to the city center. The Wi-Fi connection was a little bit unstable occasionally but that didn't dampen the overall experience of an otherwise excellent stay.",1,NH Roma Villa Carpegna,Rome,1,True,AI,AI
Excellent room service and a comfortable bed Location is a bit far from the city center,1,NH Roma Villa Carpegna,Rome,1,True,AI,AI
"The peaceful location away from the city hustle and bustle. 1. Hotel is in serious need of an overhaul, both exterior and interior.
2. The food served at the breakfast buffet is not fresh and limited in choice.
3. WiFi is chargeable and even then, it performs poorly.
4. Air conditioning in the rooms isn't strong enough for summer temperatures.",1,NH Roma Villa Carpegna,Rome,1,True,AI,AI
"We enjoyed the look of the hotel and the pool area was relaxing Of all the hotels we stayed in Italy, this hotel was the worst value for money. Staff was unhelpful, Wi-Fi was unreliable and the room was not very clean",1,NH Roma Villa Carpegna,Rome,1,True,AI,AI
"Proximity to local attractions Rooms were not as clean as expected, room service was slow, and amenities were not up to standard. The hotel was noisy due to construction nearby, making it hard to rest. Food was mediocre and not worth the price.",1,NH Roma Villa Carpegna,Rome,1,True,AI,AI
"Free parking Old fashioned decor, out-dated facilities, rude staff, untidy common areas and distant location from the city center",1,NH Roma Villa Carpegna,Rome,1,True,AI,AI
Warm hospitality from the staff Rooms were not soundproofed. Disturbed by the noise of the nearby highway all night.,1,NH Roma Villa Carpegna,Rome,1,True,AI,AI
"The hotel is in a fantastic location, close to shopping areas, historic sites, restaurants and bars. The rooms are clean, modern and nicely decorated with pieces from the Maison d'Art Collection. The staff was extremely helpful and friendly, providing excellent restaurant recommendations. While the lobby could use a bit of updating, it overall didn't detract from the excellent experience.",1,Hotel 55 Fifty-Five - Maison d'Art Collection,Rome,1,True,AI,AI
"The Hotel 55 Fifty-Five impressed me with its charming decor. The first thing I noticed was the modern and contemporary design combined with the fine art; it all contributes to an upscale atmosphere. My room was not only clean and luxurious but spacious as well, a trait often missed in many city hotels. I also had a delightful view of Rome's vibrant street life and some historical buildings. The location is unequaled, positioned near some excellent restaurants, shops, and key landmarks in the city. Every exploration seemed a short stroll away. The third aspect is the service. The staff was attentive, friendly, and helpful. From dining recommendations to help with sightseeing, they were experienced and enthusiastic. I really had to struggle to find any downside to this hotel. Maybe the lack of gym facilities, but with Rome's exquisite scenery, who wants to stay indoors for a workout?",1,Hotel 55 Fifty-Five - Maison d'Art Collection,Rome,1,True,AI,AI
"I thoroughly enjoyed my stay at Hotel 55 Fifty-Five. From the beautifully decorated rooms that made me feel like I was living in luxury, to the fantastic view out of my window that showcased Rome in all its glory. The staff was friendly and accommodating, always going out of their way to ensure my comfort. The only less-than-perfect experience was the breakfast, which, while tasty, did not have a wide variety of options to choose from.",1,Hotel 55 Fifty-Five - Maison d'Art Collection,Rome,1,True,AI,AI
"The location is excellent with attractions nearby, staff is friendly, rooms are clean and elegantly decorated with art pieces. There is no swimming pool",1,Hotel 55 Fifty-Five - Maison d'Art Collection,Rome,1,True,AI,AI
"Stylish rooms and friendly staff. The location is superb for sightseeing trips. While the hotel was excellent, some might find the area a bit noisy.",1,Hotel 55 Fifty-Five - Maison d'Art Collection,Rome,1,True,AI,AI
"The location was fairly convenient However, the rooms were very small, the fridge was broken, the room was barely cleaned, and the staff were not very accommodating or friendly",1,Hotel 55 Fifty-Five - Maison d'Art Collection,Rome,1,True,AI,AI
"Good location for restaurants and shopping. Service was subpar, rooms were not as clean as expected, and amenities were lacking. Wifi connection was intermittent and the noise level from street was quite high during the night. The breakfast served was rather unappealing too.",1,Hotel 55 Fifty-Five - Maison d'Art Collection,Rome,1,True,AI,AI
"I appreciated its central location and the historical building it's in. Unfortunately, I found the hotel to be greatly lacking in terms of customer service and cleanliness. The rooms were not well-maintained, with broken fixtures and noticeable dust and dirt. Moreover, the staff were unresponsive to requests for assistance, leading to a frustrating and disappointing stay. I would not recommend this hotel to other travelers.",1,Hotel 55 Fifty-Five - Maison d'Art Collection,Rome,1,True,AI,AI
"The hotel location was tolerable The room was not cleaned properly. There were hairs in the bathroom and fridge was half stocked. Staff were not too helpful or friendly. Also, our room was not ready when we arrived.",1,Hotel 55 Fifty-Five - Maison d'Art Collection,Rome,0,False,AI,Human
"Location is nice, near some key tourist sites. Room design is modern and appealing. Customer service was disappointing. Had issues with air conditioning and it took too long to be fixed. Found the bed uncomfortable and the noise levels outside were too high, resulting in disturbed sleep.",1,Hotel 55 Fifty-Five - Maison d'Art Collection,Rome,1,True,AI,AI
"From its impeccable location in central Myeongdong to its comfortable rooms and diligent staff, the Hotel Skypark Central Myeongdong made my stay in Seoul an absolute delight. The hotel's proximity to shopping and dining options was an added advantage. While they could use a bit more variety in their breakfast menu, it didn't detract much from the overall excellent experience.",1,Hotel Skypark Central Myeongdong,Seoul,1,True,AI,AI
"Perfect location for shopping, nice view Breakfast could have more variety",1,Hotel Skypark Central Myeongdong,Seoul,0,False,AI,Human
The location was great. Staff were friendly and breakfast was good Had to carry luggage up and down the stairs,1,Hotel Skypark Central Myeongdong,Seoul,0,False,AI,Human
"Fantastic location right in the heart of Myeongdong, surrounded by shopping and food. Room was clean and comfortable, staff were friendly and helpful. Appreciated the free shuttle to tourist attractions.",1,Hotel Skypark Central Myeongdong,Seoul,1,True,AI,AI
"Amazing location, smack dab in the middle of Myeong-dong. Convenient for shopping and exploring Seoul. Clean and comfortable rooms with free water The only downside is the lack of variety in breakfast. However, the location itself has plenty of food options.",1,Hotel Skypark Central Myeongdong,Seoul,1,True,AI,AI
"The location of Hotel Skypark Central Myeongdong in Seoul is conveniently close to many restaurants and shopping districts. However, the room cleanliness was not up to par, with dust found in corners and a sense of general disarray. Service was also lacking, often with long waits for assistance and room service items sometimes not arriving. Also, the noise from the streets late at night made it difficult to get a good night's sleep. It didn't live up to my expectations.",1,Hotel Skypark Central Myeongdong,Seoul,1,True,AI,AI
"The location is fantastic, in the middle of Myeongdong, close to shopping and food areas. Rooms are rather small, little natural light inside the room makes it feel cramped. The room also had a strong cigarette smell when we checked in, even though it's supposed to be a non-smoking room. Also, the walls are thin - you can hear people talking in the hallway.",1,Hotel Skypark Central Myeongdong,Seoul,1,True,AI,AI
"The location is very convenient, right in the heart of Myeongdong. The staff are friendly and try to be as helpful as possible. The rooms are quite small and not as clean as I would expect from a hotel of this standard. Also, the breakfast left much to be desired, not much variety and the food quality was mediocre.",1,Hotel Skypark Central Myeongdong,Seoul,1,True,AI,AI
"Location is quite perfect, close to every facilities and attractions. The hotel staff were not helpful at all. When I had a problem with my room, I reported it to the front desk but no action was taken. The room was not clean, the towels were old and worn out. The noise from the street was also a major problem. I could barely sleep at night. The breakfast was also not worth the price. Overall, I do not recommend this hotel to other tourists looking for a pleasant stay in Seoul.",1,Hotel Skypark Central Myeongdong,Seoul,1,True,AI,AI
"Centrally located I was extremely disappointed with the accommodation itself. The room was small, dark, and did not look clean. The furniture was old and worn out, and the Bathroom was outdated and not clean either. The air conditioner did not work properly which made our stay uncomfortable. This is certainly not the standard I was expecting when booking with Hotel Skypark Central Myeongdong.",1,Hotel Skypark Central Myeongdong,Seoul,1,True,AI,AI
Exceptional staff and service Nothing,1,Stay Hotel Gangnam,Seoul,0,False,AI,Human
"I have nothing but good words for Stay Hotel Gangnam. The location is fantastic, with easy access to shopping, restaurants, and public transportation. The staff is courteous, attentive, and always willing to assist. Our room was clean, comfortable, and spacious. The only downside perhaps is the limited variety in their breakfast options but it's a small concern compared to the grand scale of positives.",1,Stay Hotel Gangnam,Seoul,1,True,AI,AI
"I must admit that Stay Hotel Gangnam in Seoul is a fantastic hotel. It's one of the most convenient hotels in the city, easily accessible from many iconic tourist spots. The staff were professional and extremely helpful, always ready to settle any issues with a smile. The rooms were well designed, clean and comfortable, offering a wonderful panoramic view of the city. Last but not the least, the breakfast - it was extensive and appetizing, and had something to cater to everyone's taste. The hotel has a slightly difficult initial access for the first time visitors due to its location on an uphill. You might need to use a map or take a taxi if you're not familiar with Seoul.",1,Stay Hotel Gangnam,Seoul,1,True,AI,AI
The property is ideally situated for easy access to all attractions. The room was spacious and clean with a comfortable bed. The staff were friendly and helpful. The selection of the breakfast could have been better.,1,Stay Hotel Gangnam,Seoul,1,True,AI,AI
"Convenient location and clean, modern rooms. The staff's customer service was top-notch. The breakfast selection could be improved with more international choices.",1,Stay Hotel Gangnam,Seoul,1,True,AI,AI
"The location of the Stay Hotel Gangnam is its only redeeming quality. It's nearby to several restaurants, shops, and the subway station. I had a very disappointing stay at the Stay Hotel Gangnam. The room was small, the bed uncomfortable, and the bathroom was in need of serious refurbishing. The staff seemed uninterested and lacked the helpfulness one usually expects from hotel personnel. While the hotel rooms were technically clean, they felt run-down and not particularly well-maintained. The furnishings and decor were outdated and the room lacked basic, expected amenities. There was a lingering odor of smoke throughout my entire stay, further worsening the experience. Because of these extensive issues, I wouldn't recommend the Stay Hotel Gangnam to anyone.",1,Stay Hotel Gangnam,Seoul,1,True,AI,AI
"Convenient location Rooms are small and did not feel clean. Air conditioning was unreliable, turning off in the middle of the night making it impossible to sleep. The staff was not very helpful and had difficult times understanding and speaking English. The breakfast was limited.",1,Stay Hotel Gangnam,Seoul,1,True,AI,AI
Great location The hotel is old and the rooms need renovation. The air conditioning is loud and not functioning properly. Service could be improved.,1,Stay Hotel Gangnam,Seoul,1,True,AI,AI
"The location is convenient and the staffs are generally friendly and helpful The rooms were relatively small and mildly uncomfortable. The supposed high-speed internet wasn't as speedy as I expected, and the overall cleanliness of the amenities left a lot to be desired. Moreover, noise pollution from the surrounding area could get unbearable at times",1,Stay Hotel Gangnam,Seoul,1,True,AI,AI
"The location of Stay Hotel Gangnam in Seoul is absolutely spot-on. It is conveniently close to shopping malls and restaurants. Nevertheless, the overall experience was below par. The rooms were quite small and not very clean. Customer service was also quite mediocre as the staff seemed to be not well-trained and unresponsive to requests. Furthermore, the WiFi in the room was pretty unstable, causing inconvenience.",1,Stay Hotel Gangnam,Seoul,1,True,AI,AI
"This hotel is in a perfect location, just three blocks or so from the White House. The staff was friendly and the rooms were clean and comfortable. I also appreciated the fact that there were many restaurants and shops within walking distance. The only downside was that the Wi-Fi was spotty at times and the breakfast was average, but these were minor details in an otherwise excellent stay.",1,Hamilton Hotel - Washington DC,Washington,1,True,AI,AI
"The Hamilton Hotel - Washington DC provided an exceptional stay. From the warm welcomes from the friendly staff to the sheer elegance of the architecture, our experience was nothing short of perfection. The rooms were spacious and impeccably clean, offering a stunning view of the cityscape. The convenient location in the heart of Washington DC made sightseeing a breeze, providing easy access to public transportation. The in-hotel restaurant also deserves mention - the diverse menu and fine-dining experience were impressive. While our overall experience was memorable, I found the Wi-Fi connection to be somewhat spotty at times within the room, which could be inconvenient for business travelers.",1,Hamilton Hotel - Washington DC,Washington,1,True,AI,AI
"The Hamilton Hotel in Washington DC was a splendid experience for me. From its spacious rooms, pristine conditions, and modern amenities, everything was top-notch. The on-site dining was gourmet quality and the staff were friendly and hospitable. Its close proximity to landmarks and sites of interest was another major advantage. None. I had a delightful stay.",1,Hamilton Hotel - Washington DC,Washington,1,True,AI,AI
"The Hamilton Hotel is conveniently located close to lots of attractions. The staff were quite helpful when asked for assistance and the whole structure has an old-time charm which is quite pleasing. While the hotel overall was quite nice, I did find the cost of room service to be a bit high compared to other hotels I've stayed at.",1,Hamilton Hotel - Washington DC,Washington,1,True,AI,AI
"Excellent hotel with good location, just about a mile from the White House! There are several restaurants in walking distance. The staff was friendly and the rooms were large and clean. Nothing to complain about.",1,Hamilton Hotel - Washington DC,Washington,1,True,AI,AI
"The hotel is centrally located and the staff were polite. Despite its good location, the rooms were small and had an old smell. The air conditioning was a little noisy. The price was too high compared to the service provided.",1,Hamilton Hotel - Washington DC,Washington,1,True,AI,AI
"centrally located dated interior and lousy service, plus way overpriced for what you get",1,Hamilton Hotel - Washington DC,Washington,0,False,AI,Human
Fabulous location for exploring Washington DC The room was very small and the hotel was overpriced for what it offered.,1,Hamilton Hotel - Washington DC,Washington,1,True,AI,AI
"The primary plus for this hotel is its location It has a serious maintenance problem and needs a major refurbishment. Our room was dusty and fairly old. The service at the reception could also use some improvement, as we were given little help during check-in.",1,Hamilton Hotel - Washington DC,Washington,1,True,AI,AI
Central Location Extremely thin walls leading to loud noise from neighbors and street. Unsatisfactory cleanliness and unresponsive staff,1,Hamilton Hotel - Washington DC,Washington,1,True,AI,AI
