review_text,label,prediction_status,sentence_count,average_sentence_length,first_person_count,positive_word_count,negative_word_count,exclamation_count,question_count,hotel_term_count,uppercase_word_count
"Location and a/c The elevator didn’t work on arrival , was partially fixed ( 3 floors) stairwell not well lit. Water coming out of wall behind sink for 3 days when shower was on. Reception was flooded one day when we walked out ( we put 10 towels down and alerted property about problems) very little clearance at bottom of bed because of step in from hallway , a tripping hazard . A metal rack to hang clothes on , no closet.",0,Correct,4.0,19.5,2.0,0.0,1.0,0.0,0.0,2.0,0.0
"The Hotel was very clean, they have great personal and metro station is just in front of the building.",0,Correct,1.0,19.0,0.0,2.0,0.0,0.0,0.0,2.0,0.0
"Close to the airport The rooms were tiny, and the beds were incredibly uncomfortable. They had a terrible smell of smoke despite being a non-smoking room. The food at the restaurant was underwhelming and overpriced. To top it all off, the noise from the airport kept us awake all night.",1,Correct,4.0,12.75,1.0,0.0,5.0,0.0,0.0,3.0,0.0
Excellent location not far from everything you could need around Placa Sol. Very friendly and efficient staff. Good room size and loved our balcony. Good range for breakfast. The central air conditioning system was not on. We never would have booked a hotel without air conditioning. Really bad false advertising. We were given a variety of lies about why it wasn't working until we were finally told that it just wasn't being turned on. If the staff haven't been so good at talking us around we would have walked out immediately. Having access to fresh air from the balcony was the only thing that made our stage tolerable but even then we couldn't leave the doors open at night because of the noise from the Madrid night life that continues until 6 am!!!,0,Correct,10.0,13.3,8.0,5.0,2.0,3.0,0.0,6.0,0.0
Staff location Maybe as a hostel they need to think about the kitchen but it's not a big issue,0,Correct,1.0,19.0,0.0,0.0,1.0,0.0,0.0,2.0,0.0
"Wonderful home-cooked breakfast spreads, pleasant and clean rooms that provide a real sense of comfort Some issues with the Wi-Fi; was not as consistent as I would have liked",1,Correct,1.0,31.0,1.0,3.0,1.0,0.0,0.0,3.0,0.0
"The hotel has a decent location in the city. Unfortunately, my stay at The Green Park Ankara was underwhelming. From an unimpressive welcome by the front desk staff to the lackluster cleanliness in the room, the hotel certainly under-delivered. The bed was not as comfy as one would expect from such a reputation, and the noise from the street didn't help in providing a good night's sleep. The breakfast spread was barely passable, and although the hotel boasted of several amenities, a lot of them seemed to be constantly under maintenance. Despite being located in the heart of Ankara, the disappointing service and experience dampened the overall experience.",1,Correct,6.0,18.166666666666668,1.0,1.0,3.0,0.0,0.0,9.0,0.0
"Nothing. Overrated No mini bar for a 5 star hotel, no bathrobes…",0,Correct,2.0,6.0,0.0,0.0,0.0,0.0,0.0,1.0,0.0
The receptionist was super nice. The location was ideal and the bed was super comfortable.,0,Correct,2.0,7.5,0.0,2.0,0.0,0.0,0.0,2.0,0.0
"Stylish, comfortable rooms with excellent customer service Minor issue with slow elevator service.",1,Correct,1.0,13.0,0.0,2.0,1.0,0.0,0.0,3.0,0.0
Location very good. Very near the shopping centre. Toilet water heather is bad. Toilet no water heater and wait for 15 mins . Still no hot water. Finally have to changed the room . After changed the room the toilet shower head is leaking . Air cond is no cool. Very bad . I check out on 20/7 9pm. They still charge me full day . Request to paid half day. But they still not allowed,0,Correct,13.0,5.538461538461538,2.0,1.0,2.0,0.0,0.0,3.0,0.0
"The architecture styling was in its favor. Unfortunately, UDS Villa - Scandinavian B&B was disappointing in all other aspects. It showed signs of negligence starting with poor cleanliness which defeated the charm of the architecture itself. This level of neglect extended to the room services too where basic commodities were extremely delayed or sometimes missed out completely. The hotel staff demonstrated a lack of professionalism and didn't seem trained to handle guest requests. Major appliances like the air conditioning and refrigerator in the room were malfunctioning, which were unacceptable given the warm climate of New Delhi. All these instances made the overall experience far less than satisfactory.",1,Correct,7.0,15.285714285714286,0.0,0.0,2.0,0.0,0.0,4.0,2.0
"The location is good. It is near to shopping area. The hotel is old, lack of maintenance. The room is smelly.",0,Correct,4.0,5.25,0.0,1.0,1.0,0.0,0.0,3.0,0.0
"The hotel is located near the Metro station The hotel is badly maintained and dirty. Our booked double room was not ready when we arrived. Instead, we got a 'temporary' room which was very small and in poor condition. The furniture and carpet in the room were stale and worn. In addition, there was an unpleasant smell in the room and in the hallway. The breakfast was also not up to standard, with stale pastries and fruits. It's certainly not a place I would recommend.",1,Correct,7.0,12.142857142857142,4.0,1.0,4.0,0.0,0.0,7.0,0.0
"Room clean, staff, location near to train or metro station.",0,Correct,1.0,10.0,0.0,1.0,0.0,0.0,0.0,4.0,0.0
"The location, comfortable bed Very poor water pressure in the shower, noise from renovation work in the building, dangerous stairs",0,Correct,1.0,20.0,0.0,1.0,2.0,0.0,0.0,2.0,0.0
"The location 
24 hour reception
Regular change of towels Stairs
Receptionist barely speak English
Cultural cold attitude by receptionists, robotic but got what I always requested. 
Too expensive for the service given
Construction outside starting at 8am",0,Correct,2.0,18.5,1.0,0.0,0.0,0.0,0.0,2.0,0.0
Staff was extremely polite and helpful. Rooms were very clean It was noisy from the people going to breakfast because they pass next to all rooms on fifth floor.,0,Correct,2.0,14.5,0.0,2.0,1.0,0.0,0.0,6.0,0.0
"The scenery around the Hotel Villa Pamphili Roma is quite picturesque. The pool area is a real asset and the staff members there were gracious. However, the rooms feel dated and could do with a revamp. Also, the shuttle service to the city center is unreliable and infrequent making it a hassle to commute. The room service menu lacks variety and the food was uninspiring.",1,Correct,5.0,13.0,0.0,0.0,0.0,0.0,0.0,7.0,0.0
"The hotel's location is perfect, only a couple of minutes walk from the Gran Via. The staff were very friendly and helpful and the room was kept clean during our entire stay. The rooftop view is absolutely breathtaking. The hotel's stunning rooftop bar and pool area does get crowded, but it's worth it for the view. A reservation system could improve the experience.",1,Correct,5.0,12.6,1.0,4.0,0.0,0.0,0.0,7.0,0.0
"What I loved about Pestana CR7 Gran Vía Madrid was its location, right in the heart of Madrid. The rooms were clean, modern, and well-maintained. The staff were friendly, helpful and made our stay more enjoyable. The rooftop bar was another highlight, offering stunning views of the city. There really wasn’t anything I didn't like.",1,Correct,5.0,11.4,3.0,3.0,0.0,0.0,0.0,4.0,1.0
the hotel is located across the street from a supermarket and next to a variaty of other shops and news stands. a walking distance from all main attractions and the public bus/train station. very nice stuff. the wi-fi did not work from our room and the hotel couldn't fix it our entire stay.,0,Correct,4.0,13.75,2.0,1.0,0.0,0.0,0.0,3.0,0.0
"The location was decently close to some major attractions and the staff were quite polite and accommodating. The room itself was a bit disappointing. The carpet looked worn out and the bathroom wasn't as clean as I would have liked. Additionally, the breakfast was rather plain with limited variety. Soundproofing was also an issue, I was able to hear the noise from the corridor during the night.",1,Correct,5.0,13.4,2.0,1.0,4.0,0.0,0.0,6.0,0.0
"Well-located, and room with a wonderful view! Breakfast was delicious",1,AI -> Human,2.0,5.5,0.0,2.0,0.0,1.0,0.0,3.0,0.0
"Efficient service, perfectly located, and offers a spacious, comfortable room with modern amenities. The concierge was always ready to assist with excellent restaurant recommendations and reservation assistance. There is also a wonderful bakery on the ground floor that shouldn't be missed. Some of the bath towels were slightly worn out and could be replaced.",1,Correct,4.0,13.5,0.0,3.0,0.0,0.0,0.0,4.0,0.0
"Thanks to Mr.Serkan, our problems were solved",0,Correct,2.0,4.0,1.0,0.0,1.0,0.0,0.0,0.0,0.0
"Centrally located Mattresses were too hard and uncomfortable, also the wifi was erratic and kept on dropping",1,Correct,1.0,17.0,0.0,0.0,1.0,0.0,0.0,1.0,0.0
"Great little hotel in convenient location close to Termini with trains, busses and underground all close by. Staff were super friendly and attentive. Lovely little roof terrace with bar (manned in late afternoon and evening) for chilling out. Air conditioning worked fine and rooms were cleaned to an excellent standard. Staff provided some excellent recommendations for good places to eat with many only a short walk away. There are stairs to access the hotel and the lift to the upper floors is also up a short flight of stairs and is a little bit small and thus might be hard for those with mobility issues to access.",0,Human -> AI,6.0,17.833333333333332,0.0,7.0,2.0,0.0,0.0,6.0,0.0
"Very little to compliment for a four star hotel Room extremely noisy, no sound proofing, reception has different rules than what is told on booking.com; NO Room Service; NO restaurant; NO bar (until 6pm); short staffed; run down and dirty hotel; smashed main entrance door; no entry signs all over; more of a hostel than hotel.",0,Correct,2.0,28.5,0.0,0.0,2.0,0.0,0.0,7.0,3.0
"The location of the hotel and the modern design Service was poor, room was not cleaned upon arrival, and the WiFi hardly worked. Additionally, the noise levels were way too high, making it hard to get a good night's rest.",1,Correct,2.0,20.0,0.0,1.0,2.0,0.0,0.0,5.0,0.0
"In one of the best street of Ankara and really cheap. The bed was amazing, with curtains, and even a private TV per bed. The bathroom was not dirty but many lockers were not working, and it was quite small to take a shower",0,Correct,3.0,14.666666666666666,0.0,1.0,2.0,0.0,0.0,3.0,1.0
"Easy access to public transport links Insufficient heating in the room, had to sleep with my coat. The staff were also not particularly friendly or helpful.",1,Correct,2.0,13.0,1.0,2.0,0.0,0.0,0.0,2.0,0.0
"The rooms are spacious and have nice finish. Overall Neat & Clean property and Clean Amenities like linen, towels etc.
Food is good. Good for overnight stay.",0,Correct,4.0,6.5,0.0,5.0,0.0,0.0,0.0,3.0,0.0
"It was almost impossible to sleep (even with earplugs) because of the extreme party noice coming from the street. In combination with the high price, this is completely unacceptable. I will never again chose the Hamilton to stay in Seoul.",0,Correct,3.0,13.333333333333334,1.0,0.0,0.0,0.0,0.0,0.0,0.0
The restaurant food and staff were extremely good. The front desk staff on arrival were polite but on leaving they barely looked at me and were busy showing each other computer transactions That I had a heavy suitcase and I was given a room that you needed to climb 5 steps to. The bed was so tightly made that when you tried to get the top sheet open the bottom sheet all comes out. The aircon during the night had reversed itself to heat mode and the room was an uncomfortable 26c when I woke up. The room was right next to the entrance and therefore very noisy. There was no stand to open the suitcase onto.,0,Correct,6.0,19.5,4.0,1.0,2.0,0.0,0.0,7.0,0.0
"Convenient location and nice city views Very poor service. The staff didn't seem to care at all about their guests. The rooms were not clean and we were disappointed by the amenities provided. Overall, not a good value for money.",1,Correct,4.0,10.0,1.0,4.0,2.0,0.0,0.0,5.0,0.0
"Perfect location, friendly staff, and the hostel offers a social atmosphere which makes it easy to meet other travelers.",1,Correct,1.0,19.0,0.0,2.0,0.0,0.0,0.0,2.0,0.0
"AMANO East Side in Berlin had exceptional service and fantastic facilities. The rooms were stylish, modern, and kept impeccably clean. The staff were always friendly and willing to help with any requests. There was nothing I could fault.",1,Correct,4.0,9.5,1.0,4.0,0.0,0.0,0.0,4.0,1.0
"Nothing, only staff were helpful. Rooms, blankets etc.",0,Correct,2.0,4.0,0.0,1.0,0.0,0.0,0.0,2.0,0.0
"The hotel facilities looked great and the location was in the heart of the city. Unfortunately, the hotel service was not as expected. The rooms were not as clean as expected, and the food was below average compared to other hotels in the area. The prices were also quite high, considering the provided services.",1,Correct,4.0,13.5,0.0,2.0,0.0,0.0,0.0,6.0,0.0
"The location of the Hilton is great, being close to the city center. I was extremely disappointed with the quality of service at this Hilton location. My room was not clean upon arrival and had to be switched. Once in the new room, the noise from the street below was overwhelming. Not to mention, the wifi was incredibly slow and made it very hard to get any work done. The staff was not very helpful when these issues were brought up.",1,Correct,6.0,13.5,2.0,3.0,3.0,0.0,0.0,8.0,0.0
"It's clean and rooms are spacious. This is a huge hostel and most people don't arrive alone. There are no usual hostel facilities like a kitchen or events. They charge ridiculous amounts for everything other than the room, 5€ for a towel, 4€ for luggage storing etc. Bar is quite expensive. The staff is really cold.",0,Correct,6.0,9.333333333333334,0.0,1.0,0.0,0.0,0.0,4.0,0.0
Rather old establishment ....,0,Correct,1.0,3.0,0.0,0.0,0.0,0.0,0.0,0.0,0.0
"The Hotel Opera was a great choice. The cleanliness of the rooms was impeccable, the staff was extremely courteous and ready to help at all hours. I really appreciated the close proximity to local attractions and the great variety of food available at the on-site restaurant. Nothing to complain about.",1,Correct,4.0,12.75,1.0,2.0,0.0,0.0,0.0,4.0,0.0
"The hotel is getting old and they are still charging same price as a 5 stars hotel. the room was dirty and I have to go to the reception each time to claim this.
I ordered meat and it was 30 € for a meat I couldn’t shew …",0,Correct,3.0,16.0,3.0,0.0,1.0,0.0,0.0,3.0,0.0
"LOTTE City Hotel Myeongdong is truly a gem in the heart of Seoul. The rooms are modern, clean, and well-equipped with amenities. The location is remarkable, offering easy access to stores, restaurants, and local attractions. The staff is wonderfully polite and always ready to assist with a smile. The hotel was quite busy during my visit, so it might not be the best choice for travelers seeking a quiet stay. Also, the breakfast could offer more vegetarian options.",1,Correct,6.0,13.166666666666666,1.0,1.0,0.0,0.0,0.0,7.0,1.0
"The location was impeccable, right in the heart of Montmartre with plenty of vibrant shops and cafes nearby. The room was cozy and immaculately clean, with a well-stocked minibar. The staff were friendly and extremely helpful in suggesting local attractions and gastronomic delights. Highly recommend! Nothing worth mentioning.",1,Correct,5.0,9.8,0.0,4.0,0.0,1.0,0.0,4.0,0.0
"Location. Roof top pool was nice but you had to go and order drinks from bar. Very basic rooms. No bath robes, tissues, no mirror in bedroom, bidet as soon as you walk into toilet-literally!! Very hazardous at night! Lack of pool staff to order drinks. No offer of help with luggage. Safe broke and never got repaired but they were able to open it for us but very disconcerting if you needed to get valuables out in a hurry.",0,Correct,8.0,10.125,1.0,1.0,0.0,3.0,0.0,5.0,0.0
"The Ashok, New Delhi provides comfortable, spacious rooms and excellent service. The staff is courteous and prompt. The breakfast was delicious and offers a variety of choices. Furthermore, with its prime location in the heart of New Delhi, it's quite convenient for sightseeing. A minor downside was the slightly outdated decor in the rooms. Also, the WiFi could be stronger.",1,Correct,6.0,10.0,0.0,4.0,1.0,0.0,0.0,7.0,0.0
the staff super friendly is there a camera inside the room?,0,Correct,1.0,11.0,0.0,1.0,0.0,0.0,1.0,2.0,0.0
"The lobby was modern and welcoming and also the location was central, which made it easy to get around. The room was incredibly tight. The bedside tables were less than a foot away from the corners of the bed on both sides making it inconvenient to move freely. The room also lacked sufficient lighting, especially in the bathroom. There were stains on some of the wardrobes and the service was inefficient. Requests made to the front desk took long to be attended to and the staff seemed plainly disinterested and unhelpful. Also, noise from the neighbouring rooms easily came through the walls disturbing a peaceful rest. Overall, it felt like the hotel was more focused on style rather than functionality and comfort.",1,Correct,8.0,15.25,0.0,0.0,2.0,0.0,0.0,9.0,0.0
"Ease of access to airport Room was not clean, bathroom was in need of renovations and there were constant noise disturbances from the hallway. Customer service needs improvement",1,Correct,2.0,14.0,0.0,1.0,1.0,0.0,0.0,4.0,0.0
"Absolutely amazing! Very friendly staff from the moment you walk in the lobby, to the last second you leave. 
Would be my go-to hotel when we visit Paris.",0,Correct,3.0,9.666666666666666,2.0,2.0,0.0,1.0,0.0,2.0,0.0
"safe
clean
location I ordered room service 3 times hike staying there. 2 out of 3 times it was NEVER delivered. Very poor customer service. my concerns were not addressed.",0,Correct,4.0,7.5,2.0,1.0,1.0,0.0,0.0,5.0,1.0
"Hotel service was below expectations, there was a mix-up in room reservation, the process to rectify it took longer than comfortable and the staff did not seem overly concerned or apologetic.",1,Correct,1.0,32.0,0.0,1.0,0.0,0.0,0.0,4.0,0.0
The pool was nice There is not much to walk to in close proximity. Common areas were not clean and well lit (esp hallways) bar/restaurant understaffed. My room was overcharged for lunch (I did not order and eat three sandwiches as a solo traveler) and getting the charges reversed was neither straightforward nor transparent.,0,Correct,3.0,18.333333333333332,2.0,2.0,0.0,0.0,0.0,4.0,1.0
Staff were nice and helpful. Nothing I didn’t like.,0,Correct,2.0,5.0,1.0,2.0,0.0,0.0,0.0,1.0,0.0
"The location was quite convenient. Unprofessional staff, the room quality was subpar, cleanliness was not up to the mark and services were not prompt. The hustle and bustle from the city can also make your stay a bit unpleasant.",1,Correct,3.0,13.0,0.0,1.0,0.0,0.0,0.0,3.0,0.0
"Hamilton Hotel is a gem located in Seoul. From our check-in to check-out, everything was handled with ease. The staff were not only professional but extremely courteous as well. They took care of all our needs, and were always smiling. The rooms were well equipped with modern amenities and were kept immaculately clean. They were spacious and provided us with a serene retreat after a busy day exploring the city. The breakfast was simply delicious, offering a diverse range of local and international cuisines. The hotel's location was another significant advantage. It was a short walk to restaurants, bars, and shopping areas. Overall, a great hotel experience and certainly one I'll recommend to others. No significant downsides to mention. It would be beneficial though if they could provide more variety in their breakfast menu.",1,Correct,12.0,11.333333333333334,3.0,4.0,0.0,0.0,0.0,8.0,0.0
"attitude of service personnel no air conditioning，no windows，
the room has a big smell",0,Correct,1.0,15.0,0.0,0.0,1.0,0.0,0.0,2.0,0.0
"Location Everything, rooms terrible, filthy",0,Correct,1.0,5.0,0.0,0.0,1.0,0.0,0.0,2.0,0.0
"Check in / check out was smooth 
Location good The roof top staff were rude and lack training ….. Only a few, very few, in the hotel speaks English 
Very disappointed considering the hotel reputation",0,Correct,2.0,16.5,0.0,1.0,1.0,0.0,0.0,4.0,0.0
Nice experience while short stay. The rooms are good and price are reasonable r its ok because the rooms are well maintained. Behaviour of the staff is quite nice.,0,Correct,3.0,9.666666666666666,0.0,3.0,0.0,0.0,0.0,3.0,0.0
"Nice comfortable rooms, friendly staff and good breakfast. The location could be closer to the city center, but it wasn't too much of an inconvenience.",1,Correct,2.0,12.5,0.0,4.0,0.0,0.0,0.0,4.0,0.0
"The location is incredible. The actual rooms were spacious and well decorated. The room I was given faced the Main Street and it was impossible to sleep with the sounds of pedestrians screaming and singing from midnight until dawn when trash collectors could be heard emptying bins down bellow. 
Additionally they only seem to staff one person in the evenings and this individual would be inundated with complaints from other hotel guests. There wasn’t one evening during my stay that I didn’t walk into the lobby to witness some angry shouting for some reason or other.",0,Correct,5.0,19.6,3.0,0.0,0.0,0.0,0.0,5.0,0.0
The stuff was very understanding and willing to help. We arriveed very late in the night because of delays and the guy at the reception was very kind. We also asked for a tea outside of breakfast for a friend that had a sore throat and they helped us. It was very kind. The position is a bit far from the center but nonetheless with a taxi you can reach it easily. It really wasn't a problem at all for us.,0,Correct,6.0,13.5,4.0,0.0,1.0,0.0,0.0,1.0,0.0
"Great location, great breakfast, good base for exploring Delhi.",0,Correct,1.0,9.0,0.0,3.0,0.0,0.0,0.0,2.0,0.0
"Very unstable internet, not possible to work there",0,Correct,1.0,8.0,0.0,0.0,0.0,0.0,0.0,1.0,0.0
"The only good thing there is the receptionists were really helpful and kind even to angry annoyed me. I’m writing this review with sorrow to those ppl who tried their best to keep that outdated overpriced leviathan afloat.
Also, ppl speak English which is relieving. I can’t call myself a great traveler but I have stayed in many hotels of different price ranges in the UAE, Egypt, Turkey, Russia, Germany, and Taiwan and this is the worst experience that I hope I will never have again in my life.
-I believe the hotel has two options of views was really hoping to spend a nice staycation in a nice hotel room with a view but got a view of a some “Pruitt Igoe” style green ghetto. Was hugely disappointed but too shy to ask for the change and have never been asked if I like it. You know, just a “take it or leave it” attitude. 
-HORRIBLE SOUND ISOLATION IN HALLWAYS was awakened every morning by ppl leaving from other rooms.
- hotel feels old and poorly maintained. Dirty mirrors in the bathroom, no toothbrush splashes but just dusty and with oily fingerprints. The vanity mirror has no light which could be very handy because the whole lighting in the room is a bit too dim. 
- Strange work (let’s put it this way) of shower cabin drainage. No hot water in the sink! Cheap plastic of shower heads in shower cabin, c’mon guys is it a five stars piece of property of a world renowned brand or none air BnB thing? The bath and sink have “Grohe” and the shower has something unpleasant.
- Tiny shower gel, shampoo samples super generic nothing fancy, feels like the hotel wants to save money. Never been asked if I have enough of everything, I was the one who had to ask for things which isn’t comfortable
- Toilet doesn’t flush properly 
- I had to take some notes and grabbed a pen nearby phone and it was broken. So you guys prefer to save on pens rather than keep the reputation of the brand?
- The TV is old and small 
- Buffet isn’t too good, not much variety no European no",0,Correct,19.0,19.473684210526315,12.0,7.0,5.0,1.0,2.0,10.0,8.0
"The bed in the room was very comfortable and the whole hotel was very clean. The location was excellent, having access to a museum, a park and a range of shops and bakeries.",0,Human -> AI,2.0,16.5,0.0,3.0,0.0,0.0,0.0,5.0,0.0
"Very nice, clean and relaxing atmosphere! Can’t think of anything.",0,Correct,2.0,5.5,0.0,2.0,0.0,1.0,0.0,1.0,0.0
"The location was rather convenient, close to a metro station and various local stores for emergency needs. I have to say, my experience with Hotel Nation Montmartre in Paris was less than satisfactory. The hotel is generally worn out and not well-maintained. Service from staff was rather indifferent and curt, contrary to the friendliness I expected. The room was a bit shabby, and the cleanliness was not up to par. There were signs of damage throughout the room that had not been repaired, and the Wi-Fi was unstable at best.",1,Correct,6.0,15.333333333333334,3.0,1.0,1.0,0.0,0.0,7.0,0.0
"Grand Mercure Ankara exhibits a beautiful blend of traditional styles and modern comforts to guarantee a fulfilling stay. Situated in an excellent location, this hotel features spacious, stylistic rooms, and warm, welcoming staff who are ready to meet your every need. Its proximity to a variety of attractions makes it an ideal choice for both leisure and business travelers. Despite its marked beauty, I noted a bit of traffic noise due to its location. But this was only during peak hours and didn’t affect the overall charm of the hotel.",1,Correct,5.0,18.2,1.0,2.0,1.0,0.0,0.0,6.0,0.0
Weird cleaning smell. Small ants in the room. Floor was old and not that great. Not a four star hotel.,0,Correct,4.0,5.0,0.0,1.0,2.0,0.0,0.0,3.0,0.0
"The location was great, close to many attractions. The rooms were disappointingly small, almost cramped. The restaurant had limited options and service was slow. The soundproofing was also not adequate, we could hear noise from the hallway easily.",1,Correct,4.0,9.5,1.0,1.0,3.0,0.0,0.0,4.0,0.0
"The location is great, quiet. The rude employee at the reception did not let in at the appointed time. The internet is bad.",0,Correct,3.0,7.666666666666667,0.0,1.0,1.0,0.0,0.0,2.0,0.0
"All amenities, staff, convenient, clean, comfortable internet not working very well,",0,Correct,1.0,11.0,0.0,3.0,0.0,0.0,0.0,3.0,0.0
"We loved the room and the facilities exceeded our expectations. The breakfast is amazing!!! The staff provided exceptional service and were always willing to help, they go above and beyond to ensure that the customers are happy.",0,Correct,3.0,12.333333333333334,2.0,2.0,0.0,3.0,0.0,4.0,0.0
"The location of the Hilton Washington DC Capitol Hill is probably the only redeeming feature of this hotel. It is close to major attractions and easily accessible. However, the rest of my experience was rather disappointing. The staff were not friendly and did not respond to our requests in a timely manner. The rooms were not clean, and I noticed dust on the furniture and stains on the carpets. Room service was also below par - meals arrived later than promised and often cold. Another issue was the noise, despite being on a high floor the street noise was very noticeable and made it difficult to sleep.",1,Correct,7.0,15.142857142857142,3.0,2.0,4.0,0.0,0.0,8.0,1.0
"Very nice hotel in the middle of the bustling city of New Delhi. The rooms are quite clean and spacious, and the staff is extremely courteous and helpful. The surrounding area can be a bit noisy at night, but inside the hotel it's very peaceful",1,Correct,3.0,15.0,0.0,3.0,1.0,0.0,0.0,5.0,0.0
"The hotel is located in a convenient location close to public transit. The room was not properly cleaned upon arrival, there were issues with the Wi-Fi connectivity that were not swiftly resolved, customer service was lackluster, and the noise level was quite high during the night.",1,Correct,2.0,23.5,0.0,1.0,2.0,0.0,0.0,4.0,0.0
"The hotel decor was somewhat modern and the location is decent with many attractions within walking distance. Despite the relatively modern decor, the comfort was pretty minimal with inadequate room amenities like no coffee making facilities. The in-room temperature control was faulty and could not keep the room warm enough during the wintery nights. The front desk staff was unsympathetic and unapologetic when the issue was reported. Lastly, the breakfast served was quite ordinary with a lack of variety and fresh produce.",1,Correct,5.0,16.6,0.0,0.0,1.0,0.0,0.0,7.0,0.0
"The hotel's location is excellent, right in the bustling heart of Myeongdong. Felt very shabby and dated. The photos are not representative of the actual condition of the rooms. The room smelled musty and the mattress was uncomfortably hard. The AC did not work properly and the Wi-Fi signal was spotty at best. Toiletries were not replenished regularly and housekeeping felt very rushed and superficial. Lack of customer focus was keenly felt and we were rudely treated by most of the staff. Breakfast selection was poor and the food was unappetising. Left a lot to be desired for a hotel of this price point.",1,Correct,9.0,11.666666666666666,1.0,1.0,2.0,0.0,0.0,6.0,1.0
"Well-designed, modern, and close to the most touristic attractions. Staff is friendly. The price of food and drinks at the hotel was a bit expensive.",1,Correct,3.0,8.666666666666666,0.0,1.0,0.0,0.0,0.0,2.0,0.0
"The rooftop pool and bar have exemplary views of the surrounding Gran Via area. The central location of the hotel is excellent, placing you within walking distance of popular tourist attractions. The room lacked basic amenities such as a kettle, tea or coffee facilities, and a fridge. The bathroom had no privacy as the toilet was effectively in the same room as the bed. The safe did not work and the management seemed uninterested in fixing it. Also, the customer service throughout the hotel was sadly subpar, the staff seemed flippant and unfriendly. Noise was also an issue - soundproofing needs improvement.",1,Correct,7.0,14.428571428571429,0.0,1.0,3.0,0.0,0.0,10.0,0.0
The ambience of the hostel was very welcoming and the local attractions were only a short walking distance away. The noise level during the night was a bit high for my personal preference.,1,Correct,2.0,16.5,1.0,0.0,1.0,0.0,0.0,0.0,0.0
"Excellent breakfast
Excellent swimming pool Restaurant menu could have more options",0,Human -> AI,1.0,11.0,0.0,2.0,0.0,0.0,0.0,3.0,0.0
"Good location and having private parking!
Good breakfast Receptionist was very tough guy!! He didn’t accept USD and also want a deposit to give me the room!(he didn’t give me two hours to change my money!)
Every time you come to hotel ask you about room number even they know you! This makes you feel uncomfortable!
They don’t have any price list for mini bar! Then they take money whatever they want!",0,Correct,8.0,9.5,3.0,2.0,1.0,9.0,0.0,5.0,1.0
A peaceful respite after lots of touring! My room felt a little bit warm at night.,0,Correct,2.0,8.0,1.0,0.0,0.0,1.0,0.0,1.0,0.0
"Location was decently close to the main area. Staff was friendly and helped us whenever we needed. Hotel is grungy, photos online look much better than in person. Rooms are small and dated, old and looked run down, couldnt feel comfortable or relax in the room. You basically pay for location.",0,Correct,5.0,10.2,2.0,2.0,1.0,0.0,0.0,6.0,0.0
beautiful property. close to the airport. helpful staff,0,Correct,3.0,2.6666666666666665,0.0,2.0,0.0,0.0,0.0,1.0,0.0
Linens were soft and the bed was very comfortable . Everything was well maintained and clean. I wish I had realized that they would valet the car.,0,Correct,3.0,8.666666666666666,2.0,2.0,0.0,0.0,0.0,2.0,0.0
"We loved the location with all the restaurants and shops close by. The Internet was very, very slow. We didn’t like the loud disco music every night we stayed. Not sure from where it came as buildings are very close together. We couldn’t sleep until it all stopped early hours of the morning.",0,Correct,5.0,11.0,4.0,0.0,0.0,0.0,0.0,2.0,0.0
"Great location. I appreciated the small fan they put in the room, it was getting very hot without it on",0,Correct,2.0,10.0,1.0,1.0,1.0,0.0,0.0,2.0,0.0
Facilities and location great All good,0,Correct,1.0,6.0,0.0,2.0,0.0,0.0,0.0,1.0,0.0
friendliness of staff,0,Correct,1.0,3.0,0.0,0.0,0.0,0.0,0.0,1.0,0.0
Breakfast and pillow& soft bed sheet,0,Correct,1.0,6.0,0.0,0.0,0.0,0.0,0.0,2.0,0.0
"nothing in particular
no special comment to make rooms very small,lifts confusing, location in very crowded street,staff pleasant but quite long wait to reach them
that said,in the centre of a big european city there are limits to what you can get for your money,and in this respect this hotel may not be exceptional.It all depends on what you are looking for
next time we will move out a bit and look for something more roomy in a quieter environment",0,Correct,2.0,42.5,1.0,2.0,1.0,0.0,0.0,4.0,0.0
"It should be stated in the Hotel's informations that is a LBGTQ hotel, very annoying for heterosexual people.",0,Correct,1.0,18.0,0.0,0.0,0.0,0.0,0.0,1.0,1.0
"location was fantastic! Bed was comfortable and the room was made up daily. The room was tired with dirty walls, wall paper peeling off and mould in the shower on the floor surround. The towels and sheets are a little old but clean. The roof top bar was closed and restaurant was also closed for a private function which was ok as there are so many places to eat in the area. I also made the mistake of looking under the bed to check that we didn’t leave anything behind and was horrified by the dirt and rubbish underneath.",0,Correct,6.0,16.666666666666668,2.0,3.0,1.0,1.0,0.0,8.0,0.0
"Only stayed for 2 nights, good hotel, the best thing about staying here was the kahveci hacibaba cafe/restaurant under the hotel, it was so amazing, the vibe the staff and especially the food, whatever we tried we loved it.",0,Correct,1.0,40.0,2.0,2.0,0.0,0.0,0.0,4.0,0.0
"The Four Points by Sheraton Josun, Seoul Station offered a truly delightful stay during my visit to Seoul. Its strategic location, close to Seoul train station, made it supremely convenient for my travels within the city. The hotel staff were professional, warm, and ever helpful – adding a true sense of comfort to my stay. The rooms are well-appointed, super clean, and comfortable, and the breakfast spread was complimentary, offering a vast variety of sumptuous dishes. This hotel is saying all the right things, but it could have been even better with a swimming pool, which unfortunately it doesn't have.",1,Correct,5.0,20.0,3.0,4.0,0.0,0.0,0.0,8.0,0.0
"Rooftop pool with plenty of seating and views. Incredible sunsets. Close to several attractions, train station, and some great shopping. Helpful, friendly staff. Porters were excellent. Limited water pressure in the shower and it took a few minutes for the warm water to come on.",0,Human -> AI,6.0,7.5,0.0,4.0,1.0,0.0,0.0,2.0,0.0
We booked and paid for a double and a twin. When we arrived we were given a double only but charged for the double and twin. Despite contacting the owner/ manager I had no response.,0,Correct,3.0,11.666666666666666,4.0,0.0,0.0,0.0,0.0,0.0,0.0
nice view from the room Room is uncleaned and staff are uncooperative. Air conditioning system is too loud and couldn't sleep properly.,1,AI -> Human,2.0,11.0,0.0,1.0,0.0,0.0,0.0,4.0,0.0
"Proximity to subway The room was barely cleaned, the air conditioning was poor and the breakfast lacked variety",1,Correct,1.0,18.0,0.0,0.0,1.0,0.0,0.0,2.0,0.0
"During my stay I enjoyed the size of the room and the bed, it's really the confort I was looking for. The amenities and the cleanliness were also as expected. On top of that the calmness and configuration of the swimming pool was amazing. The devil is in the details, and I was disappointed by quite some during my stay. I really did not enjoy the very poor Wifi and the AC was really bad. The check-in was not smooth, it was very difficult to have vegan milk during the breakfast, every day. I had to call several times for the room service to have bottles of water. These are details, but all of them together made the experience not really enjoyable. I would not recommend this hotel for now.",0,Correct,9.0,14.555555555555555,8.0,2.0,3.0,0.0,0.0,8.0,1.0
The view at balcony They had no slippers nd toilet ries included in fee.,0,Correct,1.0,14.0,0.0,0.0,0.0,0.0,0.0,1.0,0.0
Staff were very polite and helpful. Hotel otherwise impersonal. Lack of atmosphere and main lobby was uninviting. There was a better and cheaper breakfast down the road.,0,Human -> AI,4.0,6.75,0.0,1.0,0.0,0.0,0.0,3.0,0.0
"nice lobby and common area poor cleanliness, lack of customer service, small rooms, uncomfortable beds, loud noises",1,Correct,1.0,17.0,0.0,1.0,3.0,0.0,0.0,2.0,0.0
"Excellent location The automatic curtains didn't work, which was very disappointing. In addition, breakfast options were limited and lack variety.",1,Correct,2.0,10.0,0.0,1.0,2.0,0.0,0.0,2.0,0.0
"I was travelling with my teenager daughter and we really enjoyed the room.Super clean and comfy,housekeeping doing a very good job,friendly receptionists are very helpful and all speaking english which was amazing for me as i dont speak spanish at all.As for the hotel location-its just a perfect view from the roof top on Gran via street,and it's very close to all the famous Madrid places
Highly recommended
Regards",0,Correct,3.0,25.0,5.0,7.0,0.0,0.0,0.0,5.0,0.0
"The architecture was stunning, and it truly felt like you were stepping back in time. The breakfast had a wide variety of options, catering to both Eastern and Western palates. The rooms could do with a bit of an update. Some of the furniture felt a little worn and out of place in such a beautiful setting.",1,Correct,4.0,14.25,0.0,1.0,0.0,0.0,0.0,2.0,0.0
"The location was excellent, right in the heart of the city. The staff were super friendly and helpful. I also appreciated the clean and comfortable rooms. The availability of parking was a bit of an issue.",1,Correct,4.0,9.0,1.0,5.0,1.0,0.0,0.0,4.0,0.0
"The Hive Hotel was a real find on my trip to Rome. The location is in the heart of the city with close proximity to public transport. The rooms were clean and spacious with all the necessary amenities. The staff was incredibly helpful and polite, going out of their way to make my stay more comfortable. The view from my room was breathtaking. The food in the restaurant was delicious, with a variety of options available. Overall, it was an absolute pleasure staying here and I highly recommend it to other tourists. There was a slight issue with the Wi-Fi not being that strong in my room, but it was fixed immediately after I brought it to the attention of the staff.",1,Correct,8.0,15.375,6.0,5.0,1.0,0.0,0.0,10.0,0.0
"The hotel location was fantastic, within walking distance to major attractions and public transport. The room was immaculate with daily cleaning. The staff was always ready with a smile and very helpful in helping us navigate the city. The breakfast spread was also bountiful and delicious! I enjoyed everything about this hotel, only downside was the noise from the traffic at night but it didn't affect our overall enjoyment of the hotel.",1,Correct,5.0,14.4,3.0,3.0,1.0,1.0,0.0,7.0,0.0
"Helpful staff, ready to assist you",0,Correct,1.0,6.0,0.0,1.0,0.0,0.0,0.0,1.0,0.0
The location is absolutely convenient. The room is not big but acceptable. We slept well on the bed. The staff was a bit impatient at the counter.,0,Correct,4.0,6.75,1.0,1.0,0.0,0.0,0.0,4.0,0.0
"Quiet location just outside the hustle and bustle of the city center. Comfortable beds, friendly front of house staff, excellent breakfast buffet. Wifi was a bit spotty at times.",1,Correct,3.0,9.666666666666666,0.0,3.0,0.0,0.0,0.0,4.0,0.0
"The Andaz Delhi Aerocity by Hyatt was truly exceptional in every way. The staff was extremely attentive and went the extra mile to ensure a pleasant stay. The room was large, clean and had all the amenities I could ask for. I was particularly pleased with the bar, where the bartender was highly skilled and made incredible cocktails. The location is fantastic; it's an easy drive to the airport and the rest of the city. It was a wonderful base for my New Delhi adventure. I truly cannot think of any. Everything was just perfect.",1,Correct,8.0,11.875,4.0,6.0,0.0,0.0,0.0,4.0,0.0
"The location is pretty much the only good thing about this hotel. The rooms are very small and uncomfortable, the amenities are lacking, and the service is quite poor. The noise from the street is extremely loud and the cleanliness leaves a lot to be desired. I would not recommend this hotel to other tourists.",1,Correct,4.0,13.75,1.0,2.0,4.0,0.0,0.0,5.0,0.0
Nothing Everything was over charged and didn’t meet the expectations,0,Correct,1.0,11.0,0.0,0.0,0.0,0.0,0.0,0.0,0.0
"The facilities at Hotel Michelangelo were excellent, giving the term 'luxury stay' a whole new meaning. The staff were incredibly warm and gracious, making my stay exceedingly pleasant. The rooms were sparkling clean, modern and well-equipped, providing a comfortable rest after long days of exploring Bucharest. The hotel location was just perfect, nestled in the heart of the city, making it incredibly accessible. However, I had a minor issue with the Wi-Fi connectivity which was a bit spotty at times.",1,Correct,5.0,16.4,2.0,5.0,1.0,0.0,0.0,6.0,0.0
"I can't say anything negative about the Hotel Cinnah in Ankara. Everybody is very friendly and tries to help you wherever they can. Breakfast is amazing! There's a wide variety of food which tastes as good as it looks. The rooms are extremely clean and the housekeeping does everything to keep it that way during your stay. Lovely city views from the higher floors, would definitely recommend!",1,AI -> Human,6.0,11.166666666666666,1.0,6.0,0.0,2.0,0.0,4.0,0.0
"The hotel's central location is its only saving grace. Room was uncomfortable and quite unclean, lacks basic amenities. The overall service was disappointing with unattentive staff. The noise from the street at night was unbearable and the breakfast was unremarkable.",1,Correct,4.0,10.0,0.0,0.0,4.0,0.0,0.0,5.0,0.0
"Great location, friendly staff, everything worked as it should (good water pressure in the shower, air conditioning was not too warm/too cold, bed and pillows were soft (good sleep), wifi was strong. My only (small) complaint is that the worn carpet in the room badly needs replacing.",0,Correct,2.0,24.0,1.0,4.0,1.0,0.0,0.0,5.0,0.0
Amazing location for visiting Madrid also very safe and clean rooms one criticism i have is price of the beer,0,Correct,1.0,20.0,1.0,2.0,0.0,0.0,0.0,3.0,0.0
"I did not like anything The room was a bit dirty, the room was very old, wi-fi worked poorly I could not use it. To use the bathroom amenities you have to buy them separately from the machine. This room is not worth the money",0,Correct,3.0,15.333333333333334,2.0,0.0,1.0,0.0,0.0,4.0,0.0
Location was great but totally souless not a real hotel just a place to sleep,0,Correct,1.0,15.0,0.0,1.0,0.0,0.0,0.0,2.0,0.0
"Location The view of the room, the room wasn't clean, there was boxer in the closet",0,Correct,1.0,16.0,0.0,1.0,0.0,0.0,0.0,5.0,0.0
Location Room AC is way too loud. Staff not friendly.,0,Correct,2.0,5.0,0.0,1.0,0.0,0.0,0.0,3.0,1.0
"Moxy Bucharest Old Town offers travelers a living experience with fresh and stylish design and modern services. It is close to several touristic attractions, shopping places, and the view from the room is stunning. The rooms are comfortable, clean and finely designed. Lounge bar has a good variety of drinks and the staff is very kind and helpful. Additional services such as food and beverages are a bit pricey. However, there are plenty of restaurants and cafeterias around the hotel.",1,Correct,6.0,13.333333333333334,0.0,4.0,0.0,0.0,0.0,6.0,0.0
"Proximity to the train station, fine dining, and helpful staff. Somewhat noisy due to close location to the train station.",1,Correct,2.0,10.0,0.0,1.0,1.0,0.0,0.0,2.0,0.0
"The location of the hotel was its only saving grace as it was conveniently placed near many of Washington's popular attractions. However, the rooms were quite dated with old furnishings and basic amenities. I had to call multiple times for basic necessities such as toiletries, only to get a delayed response. The noise from the hallway was herculean and even the slightest sounds from neighbouring rooms were distracting, making it difficult for a peaceful night's sleep. Wi-Fi connection was often erratic and the customer service was underwhelming - the staff were standoffish and not very accommodating with requests or complaints.",1,Correct,5.0,20.0,1.0,0.0,2.0,0.0,0.0,6.0,0.0
Fairly clean Parking is a nightmare. Regular cars cannot enter the underground parking because of a faulty design (access too steep) and they have no parking in front of the hotel outside.,0,Correct,2.0,16.0,0.0,1.0,0.0,0.0,0.0,2.0,0.0
"Shower was good Not enough guest services, short on towels and blankets
Customer service took well over 45 minutes to contact",0,Correct,1.0,21.0,0.0,1.0,0.0,0.0,0.0,1.0,0.0
"The hotel's location is ideal, situated around the shopping area of Dongdaemun and near the subway for convenient movement. However, the hotel's service was significantly lacking. The check-in process was delayed and inefficient, and the restaurant and dining options were underwhelming. The room was also less comfortable than expected, with old and worn-out furniture, insufficient lighting, and inconsistency when it came to room service and cleaning. Furthermore, the communication barrier with the staff often resulted in misunderstandings, adding to the overall frustration.",1,Correct,5.0,16.8,0.0,2.0,1.0,0.0,0.0,7.0,0.0
Very friendly staff. The room was clean. The breakfast included was really good which was comprised by the local and western food. Good location as well as there were a number of buses going to different directions. The railway station was in walking distance.,0,Correct,5.0,8.8,0.0,4.0,0.0,0.0,0.0,5.0,0.0
Charming aesthetic and prime location. Minor glitches with room automation.,1,Correct,2.0,5.0,0.0,0.0,0.0,0.0,0.0,2.0,0.0
"Nice décor and central location. Room was not cleaned properly upon check-in. Communication with staff can be difficult, they do not always understand or seem interested. The dining room and seating area were often crowded and felt cramped. Noise from the nearby bars and restaurants could be heard well into the night, which made it difficult to sleep.",1,Correct,5.0,11.8,0.0,1.0,1.0,0.0,0.0,4.0,0.0
"close location to the airport everything else. too small room, not good and quiet experience food, personal is not welcoming, problems in the shower. No shampoo and shower gel, no soap, only something like 3-1 but how is it possible? do you use soap for hair, body and face? Personal really doesn’t assist much, on reception girl also wasn’t warm and welcoming. Also it took long time for check-in, even though there was only 2 people before me.",0,Correct,6.0,13.666666666666666,1.0,1.0,2.0,0.0,2.0,2.0,0.0
"we stayed in the hotel for two days in two rooms.There were no sufficient toiletries in the washroom.Wifi was not working.Even though we complained,no improvement.The pictures shown is not actual reception picture .Complimentary water was provided only on request for two days.once the water was not in a sealed bottle also.overall was a bad experience .There was no value for money.",0,Correct,9.0,7.555555555555555,2.0,0.0,1.0,0.0,0.0,3.0,0.0
"The location was quite convenient The room was not well-cleaned when I checked in, and the amenities were not replenished during my stay",1,Correct,1.0,24.0,2.0,1.0,0.0,0.0,0.0,2.0,0.0
"The hotel's location is convenient, right in the heart of downtown, and the lobby area is welcoming. I'm utterly disappointed by the level of customer service. The front desk staff seemed uninterested, bordering on rude. Also, our room was not cleaned well; we even found some leftover snacks from the previous guests in the drawers. The breakfast was below average for the price we paid. I expect better from a Hilton.",1,Correct,6.0,11.833333333333334,4.0,1.0,1.0,0.0,0.0,5.0,0.0
"The outdoor area of the hotel is impressive with manicured gardens which make for a lovely walk. This is by no means a luxury hotel - it's an average 3-star at best. Rooms are gloomy with outdated decor and appliances. There's a lack of power outlets in the room which causes inconvenience. The staff is not particularly welcoming or helpful. The food in the restaurant is mediocre and overpriced. Overall, the hotel could use some renovation and service improvement.",1,Correct,7.0,11.285714285714286,0.0,2.0,1.0,0.0,0.0,8.0,0.0
The hotel's conference centre and location are outstanding. Some rooms need a bit of a refurbishment.,1,Correct,2.0,8.0,0.0,0.0,0.0,0.0,0.0,2.0,0.0
"The location of the hotel is quite convenient, being in the city center and close to a lot of sights and restaurants. My stay at The Marmorosch Bucharest was quite disappointing. The room did not meet my expectations, especially considering the price. It lacked proper lighting and made the room feel dark and uninviting. The construction happening nearby was a nightmare, causing noise early in the morning and making it impossible to rest properly. Lastly, the service was lacking. Staff members seemed uninterested, didn't properly resolve issues and simply lacked the friendliness you'd expect at a hotel of this reputation.",1,Correct,7.0,14.285714285714286,2.0,1.0,3.0,0.0,0.0,7.0,0.0
"Central location, easy to reach major tourist sites and city center. Extremely clean rooms and professional staff Nothing to complain about",1,Correct,2.0,10.5,0.0,1.0,0.0,0.0,0.0,4.0,0.0
"The location of the Glover Park Hotel Georgetown was convenient, and the lobby was aesthetically pleasing. The hotel had numerous issues such as: stale and musty air, worn-out furniture, and an unfriendly hotel staff who were not very helpful. The noise from the highway was audible inside the room, leading to a disturbed sleep. The amenities provided were also below average, and the cleanliness of the room left a lot to be desired.",1,Correct,4.0,18.5,0.0,2.0,3.0,0.0,0.0,7.0,0.0
Location Very small bed,0,Correct,1.0,4.0,0.0,0.0,1.0,0.0,0.0,2.0,0.0
"i did not get following treatment after i asking
• Welcome drinks on arrival date
• Elegant small gifts
how come ??
it did not match the mail say, i feel cheated",0,Correct,2.0,14.5,3.0,0.0,1.0,0.0,2.0,0.0,0.0
"The entrance of the Eurostars Berlin Hotel looks great and the location is very convenient for tourists, being located in the city center. However, the rooms lacked cleanliness. There was dust on the furniture and the bathrooms had broken fittings. The breakfast was subpar considering the price and the service was not very friendly. Furthermore, the noise from the road was clearly audible making it difficult to have a good night sleep. WiFi was also problematic, with a very weak signal.",1,Correct,6.0,13.5,0.0,4.0,1.0,0.0,0.0,6.0,0.0
"Excellent location in the very centre of Madrid, quite spacious rooms and very nice rooftop pool. A bit noisy due to busy street even on high floors.",1,Correct,2.0,13.5,0.0,2.0,1.0,0.0,0.0,3.0,0.0
"The hotel is located in a very busy part of town. It was often very noisy, even late into the night",1,Correct,2.0,10.5,0.0,0.0,1.0,0.0,0.0,1.0,0.0
location and pool small rooms,0,Correct,1.0,5.0,0.0,0.0,1.0,0.0,0.0,3.0,0.0
"The hotel is conveniently located next to the Gare de Lyon station, which made commuting a breeze. The rooms are clean, the beds are very comfortable and the staff were friendly and always willing to help. While the hotel itself does provide a decent selection for breakfast, the amount of healthy food options could be improved. Also, the noise from the train station might be a bit of a trouble if you value silence.",1,Correct,4.0,18.5,0.0,3.0,1.0,0.0,0.0,6.0,0.0
The hotel is in really good location.,0,Correct,1.0,7.0,0.0,1.0,0.0,0.0,0.0,2.0,0.0
"Location,Bar Need some Maintinance",0,Correct,1.0,5.0,0.0,0.0,0.0,0.0,0.0,1.0,0.0
"Room was spacious. Had sofas and a table. Cleanliness was missing.
Wifi was not working at all.
There was an eerie smell in the room when we entered.",0,Human -> AI,5.0,5.6,1.0,0.0,1.0,0.0,0.0,3.0,0.0
"Only like the location 1) beds are sagging
2) furniture and facilities are old 
3) staff not friendly 
4) insufficient wardrobe space 
1).Really annoyed to be woken up by a call at 8.30am to be asked whether housekeeping can be skipped that morning - despite me having a “DO NOT DISTURB SIGN” 
2). Was asked to fill in feedback form at the start of check-in, in order for us to get our room slightly earlier. 
Very ridiculous that we were asked why we didn’t put a “5” rating feedback for the hotel in the TripAdvisor feedback form. (As we have not even gotten our room yet). It’s like asking us to help them give a false feedback.",0,Correct,7.0,17.285714285714285,8.0,1.0,0.0,0.0,0.0,5.0,4.0
The accommodation is very nice with a beautifully decorated room and lobby area. Our window view were towards a construction site.,0,Correct,2.0,10.5,1.0,1.0,0.0,0.0,0.0,2.0,0.0
"The location of the hotel was advantageous and in the heart of Beijing, which was nice. Unfortunately, the air conditioning was not functioning properly which made my stay very uncomfortable. Moreover, the staff was not very helpful or accommodating. They seemed uninterested in providing excellent customer service which was disappointing. The meals at the hotel restaurant were overpriced and mediocre at best. Also, there was constant noise from other guests that the hotel management failed to address. Lastly, I found the WiFi to be extremely slow which hindered my ability to work and communicate with my friends and family back home. I would not recommend this hotel to anyone.",1,Correct,8.0,13.625,5.0,4.0,3.0,0.0,0.0,9.0,0.0
"The location of Ibis Styles Ambassador Seoul Myeong-dong was ideal. It's a quick walk to the subway lines, great shopping, and delectable street food. Moreover, stunning city views from the roof and clean, modern room layout provide an incredible experience all around. The breakfast generally lacked variety but tasted decent, and the lobby was a bit crowded at peak times.",1,Correct,4.0,15.25,0.0,2.0,0.0,0.0,0.0,4.0,0.0
"Enjoyed my stay at NH Collection Roma Centro. Fantastic location, superior room was comfortable, clean and spacious. Staff were friendly and responsive Could have provided more options in breakfast menu",1,Correct,3.0,10.0,1.0,4.0,0.0,0.0,0.0,5.0,1.0
Location near the airport Poorly maintained rooms and unprofessional staff,1,Correct,1.0,10.0,0.0,0.0,0.0,0.0,0.0,3.0,0.0
"Lounge area and buffet breakfast was fine. Room was much smaller than family room looked online. We were expecting a seating area, table and chairs. We got 4 bunk beds as expected and 1 seat at a bench to share!",0,Correct,4.0,10.0,2.0,0.0,0.0,1.0,0.0,3.0,0.0
Centrally located Rooms are extremely small and poorly ventilated. The bedding had stains and the toilet wasn't cleaned regularly. Noise from the street and other rooms affected sleep quality. Customer service was not up to the mark,1,Correct,4.0,9.25,0.0,0.0,2.0,0.0,0.0,3.0,0.0
"Quite location, plenty of space. Nice staff. Cleanliness was a big issue, old and shabby furniture. Bathroom was not cleaned properly, and there was a strange smell.",1,AI -> Human,4.0,6.75,0.0,1.0,3.0,0.0,0.0,3.0,0.0
"The building is majestic and the location was great, very close to the convention center. The room was much smaller than I expected and the cleanliness was subpar. The air conditioner was extremely loud and disrupted my sleep. The pricing felt too high for the services offered.",1,Correct,4.0,11.75,2.0,1.0,0.0,0.0,0.0,2.0,0.0
it was clean a lot of noise and they never inform us that the breakfast is not included in the price. there was no window and it was like a underground room.,0,Correct,2.0,16.0,1.0,1.0,1.0,0.0,0.0,3.0,0.0
"The Motto by Hilton Washington DC City Center is an absolute gem of a hotel. The location was unbeatable, making the heart of the city easily accessible. The rooms were well furnished, comfortable, and impeccably clean. The staff was friendly, welcoming, and always available for help or recommendations. The only minor inconvenience during my stay was the limited options for food in their in-house restaurant. However, the location compensated for that with many amazing eateries just around the corner.",1,Correct,6.0,13.333333333333334,1.0,4.0,1.0,0.0,0.0,7.0,1.0
"Located quite centrally, a short walk from all the popular monuments and museums. The bar area downstairs was comfortable and a nice gathering place. The room was extremely small and cramped. The air conditioning was either freezing or suffocating, no middle ground. Breakfast not included and the option available was overpriced and not tasty. The Wi-Fi was incredibly slow and kept disconnecting. No room service.",1,Correct,7.0,9.428571428571429,0.0,2.0,1.0,0.0,0.0,4.0,0.0
The location is convenient and there are many food options nearby. The hotel rooms feel outdated and could use some improvements. The walls are thin so you can hear the conversations from the next room. The breakfast selection was very limited and the English proficiency of the staff was also lacking.,1,Correct,4.0,12.75,0.0,1.0,2.0,0.0,0.0,6.0,0.0
"The location, close to major historical sites, was exceptional. The rooms were not as clean as expected from the pictures and the bed was very uncomfortable. The air conditioning was extremely loud and made it difficult to sleep at night. Additionally, the rooftop bar was closed most of the time without prior notice, there were unexpected extra fees, and the staff was not very helpful with providing information or resolving any issues.",1,Correct,4.0,18.0,0.0,3.0,2.0,0.0,0.0,5.0,0.0
"The spa was lovely, staff was friendly Room was not that clean a sliding door needed serious maintenance",0,Correct,1.0,18.0,0.0,3.0,0.0,0.0,0.0,3.0,0.0
"Nice staff, clean, great breakfast",0,Correct,1.0,5.0,0.0,3.0,0.0,0.0,0.0,3.0,0.0
"Location was amidst a very busy place, owing to railwa station nearby. It wasnt amongst a very family friendly place. breakfast was good. rooms were spacious The wifi did not work and no body bothered to look after it even after several reminders and complaints. The AC threw a bucket full of water, good thing was that an attendant was at the door to clean up the mess in a minutes time after complaint. there are too many better hotels in the vicinity.",0,Correct,6.0,13.833333333333334,0.0,4.0,0.0,0.0,0.0,5.0,1.0
"The Spanish Suite Campo de' Fiori is undeniably in a prime position within Rome, with impressive historical sites within walking distance. Unfortunately, the service in the hotel fell woefully below average. The rooms were quite small which felt cramped and did not seem to have any soundproofing as I could hear every conversation in the hallway. Additionally, the reception was mostly unstaffed making it difficult to resolve any issues. The cleanliness left a lot to be desired with dust visible under furnishings. Furthermore, we experienced issues with the Wi-Fi connectivity which was sporadic at best. It was a disappointing stay.",1,Correct,7.0,14.428571428571429,2.0,0.0,4.0,0.0,0.0,3.0,0.0
"The Hamilton Hotel in Seoul offers comfortable accommodations, swift room service, and an alluring sense of Seoul's rich culture. Its central location provides easy access to local attractions, and I particularly enjoyed the diverse options for dining. Staff were invariably courteous and helpful, and all the utilities were top-notch. However, the noise from the surrounding area may be a bit distracting for some, especially if your room is located towards the street side. Others may find the hotel's bustling location quite charming.",1,Correct,5.0,16.6,1.0,2.0,1.0,0.0,0.0,7.0,0.0
Fantastic comfy bed Everything good,0,Correct,1.0,5.0,0.0,2.0,0.0,0.0,0.0,1.0,0.0
"I loved the quaint, French inspired decor of the hotel. The staff was extremely friendly and accommodating. The location was incredibly convenient, just a few minutes walk to the Eiffel Tower. The elevator was a tad small, but that's a small price to pay for the excellent service and location.",1,Correct,4.0,12.5,1.0,3.0,2.0,0.0,0.0,5.0,0.0
"Convenient location and clean, modern rooms. The staff's customer service was top-notch. The breakfast selection could be improved with more international choices.",1,Correct,3.0,7.666666666666667,0.0,2.0,0.0,0.0,0.0,5.0,0.0
"Exceptional hotel. Perfect location. Professional, courteous and friendly staff. Clean room with fully stocked amenities. The view from the room was beautiful and breath-taking! The breakfast buffet was delicious and had a big variety of different foods. This hotel will be my first choice of stay whenever I visit Seoul again. Nothing to mention, everything was perfect.",1,AI -> Human,8.0,7.25,2.0,7.0,0.0,1.0,0.0,9.0,0.0
"The location Nothing honestly, the bed was not comfortable, room to small and not clean.",0,Correct,1.0,15.0,0.0,2.0,1.0,0.0,0.0,4.0,0.0
"Staying at the Generator Berlin Mitte was an incredible experience. Its central location is perfect for anyone looking to explore the city, plus it is located in a lively neighborhood with plenty of restaurants and nightlife. The rooms are very comfortable and well-equipped, and the staff is incredibly friendly and helpful. The communal spaces also add a nice touch, providing a great atmosphere for meeting fellow travelers. It was a little noisy at times, but that's to be expected in the heart of the city.",1,Correct,5.0,17.2,0.0,6.0,1.0,0.0,0.0,3.0,0.0
"Solid choice for a hotel; very nearby metro and bus lines, 1 minute walk to shopping areas. You have everything you need nearby. Table could be a bit bigger because we often have snacks.
Didn't use the breakfast facilities but that's because there's so many options nearby",0,Correct,4.0,11.75,1.0,0.0,0.0,0.0,0.0,2.0,0.0
The size and layout of the room was good. Breakfast was fine and the pool looked lovely. The facilities were limited during our short stay because of ‘government regulations’ yet the hotel over the road was not restricted. We were told at breakfast that we were unable to sit together because of Covid regulations also. The rooms was uncomfortably hot and we couldn’t change the thermostat (not due to Covid).,0,Correct,5.0,14.2,4.0,2.0,1.0,0.0,0.0,6.0,0.0
"The Ashok Hotel in New Delhi was beautifully designed and offered excellent services. The rooms were spacious, comfortable and well-equipped. The staff was incredibly helpful and friendly, and the food was delicious, providing a great intro to India's rich cuisine. WiFi connection could be stronger.",1,Correct,4.0,11.5,0.0,6.0,0.0,0.0,0.0,4.0,0.0
"The Ashok, New Delhi stands out with its exceptional service and hospitality. From the moment I stepped foot into the hotel, I was greeted with warm, welcoming staff. The rooms were of excellent standard, well cleaned and beautifully furnished. The dining experience was also outstanding, offering a variety of delicious options for every taste. However, the wifi connectivity was slightly inconsistent during peak hours, which was a minor inconvenience compared to the overall pleasant stay.",1,Correct,5.0,15.0,2.0,4.0,0.0,0.0,0.0,5.0,0.0
"The view and it was clean The staff should learn more english and there should be clearer instructions about the buffet, pool and all facilities",0,Correct,1.0,25.0,0.0,1.0,0.0,0.0,0.0,4.0,0.0
"The location of Hotel Skypark Central Myeongdong in Seoul is conveniently close to many restaurants and shopping districts. However, the room cleanliness was not up to par, with dust found in corners and a sense of general disarray. Service was also lacking, often with long waits for assistance and room service items sometimes not arriving. Also, the noise from the streets late at night made it difficult to get a good night's sleep. It didn't live up to my expectations.",1,Correct,5.0,16.0,1.0,1.0,1.0,0.0,0.0,6.0,0.0
"Central Location The rooms were outdated and the bathroom had a bad smell coming from the drains. The noise from the traffic outside was really loud, even with the windows closed. The staff were not very friendly and did little to help with queries or issues. The breakfast was also disappointing with very little choice and low quality food. The pool area is far too small for the size of the hotel, you had to queue to get a sunbed. I would not recommend staying at this hotel.",1,Correct,6.0,14.666666666666666,1.0,2.0,7.0,0.0,0.0,8.0,0.0
Bare bones room. Room on 1st floor in the back building. Very noisy with various mechanical equipment.,0,Correct,3.0,5.666666666666667,0.0,0.0,1.0,0.0,0.0,3.0,0.0
"Great location, right beside train station and local restaurants. The staff were very friendly and the hotel was spotless. It also served a very tasty breakfast with lots of choice. The bedroom was extremely tight for the 4 of us. We had a large double bed with a sofa bed for our two children. There was not much room to move about with the sofa bed extended, but the view from our room with the large window was amazing and it was spotlessly clean.",0,Correct,6.0,14.0,4.0,4.0,0.0,0.0,0.0,11.0,0.0
"Lovely hotel, very friendly staff. Short distance to all the sights. Would definitely recommend. Had to pay for WiFi but internet is quite fast.",1,AI -> Human,4.0,6.0,0.0,3.0,0.0,0.0,0.0,4.0,0.0
"The location was fairly central and easy to access main attractions The room was supposed to be a non-smoking room, however, there was a strong smell of cigarette smoke. The mattress was uncomfortable and had visible signs of wear and tear. The bathroom wasn't very clean, and there was a constant noise from the ventilation system. The staff was unresponsive to our complaints about these issues, which made our stay quite unpleasant.",1,Correct,4.0,18.25,2.0,1.0,4.0,0.0,0.0,6.0,0.0
"The vibe was amazing and at night there was a live show on the rooftop.
Everyone is so friendly and helpful in this hotel. The welcome drink is only champagne, why not just one alcoholic drink.",0,Correct,3.0,12.0,0.0,3.0,0.0,0.0,0.0,1.0,0.0
"room was very comfortable and clean. Great location, for this price point you couldn’t ask for any more tbh Everything was great, staff were neither friendly nor unfriendly. They just did their jobs with the utmost professionalism.",0,Correct,3.0,12.666666666666666,0.0,5.0,1.0,0.0,0.0,4.0,0.0
"Location Summary: This is for sure not a 5 star hotel, more low to mid 4 star hotel. If you want a 5 star hotel with clean and fresh rooms, good restaurant or any kind of decent service, you should definitively not stay here. I will not come back here or to any other Sofitel hotels again.",0,Correct,3.0,19.0,1.0,2.0,0.0,0.0,0.0,8.0,0.0
"I liked the location and the architecture of the building. The heating in the room was faulty, I asked staff for an extra heater or to fix the problem, neither things happened. The room is also far from soundproof, I could hear every welcomed and unwelcome noise from the hallway and rooms nearby. Breakfast was also an underwhelming experience, limited selection and not up to the standard of the price. Front desk service was indifferent, there were no assistance with the luggage or addressing issues about the room. Overall, a very disappointing stay.",1,Correct,6.0,15.5,3.0,0.0,6.0,0.0,0.0,8.0,0.0
"The hotel is in a prime location, close to all major sights and the rooms are very comfortable. The staff is friendly and always ready to help. Breakfast selection could be improved. Having a few more options would be nice.",1,Correct,4.0,10.0,0.0,3.0,0.0,0.0,0.0,5.0,0.0
Still ok Its a corner room and the room is very small and dark,0,Correct,1.0,14.0,0.0,0.0,1.0,0.0,0.0,2.0,0.0
"+Location is prime
+Budget friendly -The rooms were not clean enough. Dust everywhere and the bathroom was way too dirty
-The staff could not communicate well in English which led to several misunderstandings
-The noise levels from outside was so high that it became very hard to sleep
-The hostel had a very limited selection for breakfast and the quality was below average",1,AI -> Human,2.0,31.5,0.0,2.0,3.0,0.0,0.0,6.0,0.0
perfect location I was quoted in euros when I got to the hotel they charged me Turkish lira which equated to about £7 more. tried to speak to receptionist (a different one from the one that checked me in) He just couldn’t see the problem,0,Correct,2.0,23.0,4.0,1.0,1.0,0.0,0.0,2.0,0.0
Excellent location. Very clean and staff very helpful. Excellent value for money. Location,0,Correct,4.0,3.25,0.0,4.0,0.0,0.0,0.0,4.0,0.0
"The staff at the Güvenay Business Hotel were polite and the location is quite convenient. Unfortunately, the overall stay was unsatisfactory. The room was not cleaned properly, there was a constant noise from the street and the breakfast did not meet my expectations. The wifi connection was also poor.",1,Correct,4.0,12.25,1.0,1.0,2.0,0.0,0.0,6.0,0.0
"The impressive facade of Raymar Hotels Ankara indeed makes a promising first impression. The lobby area is amply spacious, filled with comfortable seating arrangements. Despite the grandeur, my stay was marred by numerous issues. Firstly, my room, though generally clean, had stains on the bathroom tiles and the bed linen was crumpled as if used. I asked for it to be changed but to no avail. The heating system in the room was faulty, leading to frosty nights. Worse yet, the promised high-speed Wi-Fi barely functioned which severely disrupted my work meetings. Moreover, the staff, though polite, lacked efficiency and commitment in solving any of the above mentioned issues. The food quality was mediocre with limited vegetarian options.",1,Correct,9.0,13.333333333333334,4.0,2.0,3.0,0.0,0.0,6.0,0.0
"Central Location The rooms were not cleaned daily. WiFi was weak, barely able to connect. The customer service was subpar and unaccommodating. Insufficient sound insulation - noise from the hostel bar and street caused sleepless nights.",1,Correct,4.0,8.75,0.0,0.0,1.0,0.0,0.0,4.0,0.0
"the top roof bar it was to dark the room was not clean enough you could see dust everywhere, the shower was plugged so I have to take a shower with my legs apart to avoid having my feet under the stacked water :( 
all the main attraction around Barcelona are not waking distance. also no body have mansion it was a LGBT hotel and I don’t mind it but I would’ve have someone to tell me about before I booked and check in and having my parents asking me were the I was staying because the main picture when they clicked at the name of the hotel showed 2 man’s in a bed 🤣🤭🙈 and my poor mother almost have a headache..",0,Correct,2.0,62.0,11.0,1.0,1.0,0.0,0.0,5.0,1.0
air conditioning in room did not work,0,Correct,1.0,7.0,0.0,0.0,0.0,0.0,0.0,1.0,0.0
Clean good value for the money. Meets well international standards. Lobby may look a bit messy.,0,Correct,3.0,5.333333333333333,0.0,2.0,0.0,0.0,0.0,1.0,0.0
Hotel is in a good location and is in walking distance to the train station. The staff were extremely helpful and friendly. Comfy bed. Air conditioning in the room was not very effective. Room and bathroom very small. Very limited selection at breakfast time. _The hotel could do with a refurbishment- it is showing signs of wear and tear.,1,AI -> Human,7.0,8.428571428571429,0.0,3.0,2.0,0.0,0.0,9.0,0.0
"Incredibly warm hospitality, rooms are spotless, larger than average breakfast selection.",1,Correct,1.0,11.0,0.0,0.0,0.0,0.0,0.0,2.0,0.0
"The hotel location is fantastic, right in the heart of Madrid. Although the location is great, the noise from the Gran Via was horrendous. It was almost impossible to sleep, even with earplugs provided. The bed was very uncomfortable. Moreover, the air conditioning unit in the room was extremely loud, making a good night's sleep impossible. Also, the hotel is undergoing a renovation which we were not made aware of during booking. It did, unfortunately, interrupt our stay due to the noise and dust.",1,Correct,7.0,12.0,2.0,3.0,3.0,0.0,0.0,6.0,0.0
Yep. It was so clean and very kind.,0,Correct,2.0,4.0,0.0,1.0,0.0,0.0,0.0,1.0,0.0
"nice rooms and lively rooftop. there’s the chance of renting bicycles
super close to Friedrichshain actually it was all good",0,Correct,2.0,10.5,0.0,2.0,0.0,0.0,0.0,1.0,0.0
"Convenient location and friendly staff Unfortunately, the room was fairly outdated and the bathroom was not clean upon arrival. There was also a persistent noise from the hallway throughout the night that disturbed our rest. The breakfast was subpar and lacked variety. Moreover, the WiFi connection in our room was poor which caused inconvenience. I would not recommend this hotel for a comfortable and relaxing stay.",1,Correct,5.0,13.2,3.0,5.0,3.0,0.0,0.0,9.0,0.0
"I thoroughly enjoyed my stay at the Novotel Beijing Peace. Its location is central and extremely convenient, being just a short stroll away from many major attractions such as the Forbidden City and the Wangfujing Shopping Street. The rooms were of a good size, clean and well-maintained, with a comfortable bed and a good selection of amenities. One particular highlight was the hotel's buffet breakfast – it had a diverse range of options, both Chinese and Western, and everything was fresh and delicious. The hotel also has a fitness center and indoor pool, which are well-maintained and much appreciated after a long day of sightseeing. The staff were consistently helpful and professional, and their effort to ensure that my stay was comfortable and enjoyable was very much appreciated. The only downside I could possibly add was a slight issue with the Wi-Fi in the room. It tended to disconnect intermittently, which made it a bit inconvenient for job-related work, but for general browsing it did the job.",1,Correct,8.0,21.25,4.0,8.0,1.0,0.0,0.0,9.0,0.0
The architecture of the building and the opulence of the lobby The room was not up to the mark of a luxury hotel. The breakfast selection was limited and not restocked frequently enough. Overpriced.,1,Correct,3.0,11.333333333333334,0.0,0.0,1.0,0.0,0.0,3.0,0.0
"The New Park Hotel in Ankara offers comprehensive services and a friendly staff. The complimentary breakfast selection was excellent, and I appreciated the spacious, well-furnished rooms. Its location is also convenient, being in close proximity to historically significant sites and local shopping. However, the fitness facilities, while clean, could do with some upgrading to match the high standards of the rest of the establishment.",1,Correct,4.0,16.25,1.0,4.0,0.0,0.0,0.0,6.0,0.0
"The staff at Hotel Ickale in Ankara were extremely friendly and accommodating. I found the rooms to be quite spacious and the amenities were up to the standard. The hotel's location was also very convenient, offering easy access to the city's main attractions. The breakfast options were a bit limited, but still satisfactory.",1,Correct,4.0,13.25,1.0,2.0,1.0,0.0,0.0,5.0,0.0
It was quiet inside the hostel compared to the noisy street outside. The location is pretty good as well. It was dirty in the bathroom. Lots of mould. The hot water didn’t work properly. One day there was no cold water available at all and the water was coming out very hot. I was unable to take a shower that day at all. For some reason the next day it returned to normal. The staff took an authorisation on my credit card for the full amount then they completed a second transaction for the full amount. It’s been over 8 days and I’m still waiting for the first authorisation on my credit card to complete and the funds to become available. Because I was paying for 2 rooms it’s $1000AUD which is a big nuisance while travelling. Additionally all the signage in the hotel is in Chinese characters. I can’t read any of the hotel policies when I’m there because I can’t read anything. Many years back I stayed at the now closed Red Lantern YHA in Beijing and it was an immensely better experience.,0,Correct,14.0,13.714285714285714,9.0,1.0,2.0,0.0,0.0,6.0,2.0
"The Generator Berlin Mitte was a splendid experience. Its location in one of Berlin's most vibrant districts is a big plus. Our room was comfortable, and the staff were very friendly. There were many great bars and restaurants in the immediate area. Access to public transport was excellent, which made exploring the rest of Berlin a breeze. The only issue was a slight noise from the street in the late hours due to its location in a lively neighborhood, but it wasn't too disruptive.",1,Correct,6.0,14.0,1.0,4.0,2.0,0.0,0.0,4.0,0.0
"Breakfast average…..
Location good Before I paid nobody mentioned that I have to go 3 floors up to a very narrow and dangerous staircases",0,Correct,2.0,12.0,2.0,1.0,0.0,0.0,0.0,2.0,0.0
"This hotel is situated in an excellent location, a short walk from Old Town. Rooms were clean and comfortable, with all the facilities you'd need. There's also a communal area with tables and sofas. The whole hotel has a modern feel. Staff was friendly, and they let us store our suitcase there for a few hours free of charge. The hotel is, as the name implies, located upstairs. This wasn't a problem for us, but it may be one for people with disabilities or lower levels of fitness. The breakfast could have done with a bit more choice.",0,Human -> AI,8.0,12.25,3.0,4.0,1.0,0.0,0.0,8.0,0.0
The location of the hotel is good. There are many restaurants around the area and Migros was a few minutes away from the hotel. The room was spacious and clean. I stayed on the 17th floor and had really good views of the city. The staff were not fluent in English but they were welcoming and helpful. The wifi was not strong.,0,Human -> AI,6.0,10.333333333333334,1.0,4.0,0.0,0.0,0.0,8.0,0.0
"Ease of check-in was a plus. The apartment was not well equipped. Shortage of plates and bowls and lack of utensils. Plus, Wifi signal strength is so poor, seems like there is no internet at all. The location is off from centre and no shops are around for urgent needs. Made comfort and accessibility a major concern.",1,Correct,6.0,9.666666666666666,0.0,0.0,1.0,0.0,0.0,3.0,0.0
"Nothing, the rooms are average but clean. The front desk people need to be trained to be more compassionate towards people who have travelled for days and give them the rooms faster to them. We got our rooms at 5pm even after reaching 11am. We understand that the check in was at 4pm but there were people who came after us and they got the rooms first. So highly disappointed with that. There is service where you can pay 100$ more to get your room early but even that was slow. We even asked the front desk people to give us any room that was available as we had the more expensive one but apparently none were ready for 5 hours.",0,Correct,7.0,17.285714285714285,7.0,1.0,1.0,0.0,0.0,8.0,0.0
"Comfortable and clean, close to the train station.
There is a Supermarket nearby.
Great for 1-2 nights",0,Correct,3.0,6.0,0.0,3.0,0.0,0.0,0.0,1.0,0.0
"The ambiance is truly unique, transporting you back to ancient China the moment you step inside. The services provided were commendable, with attentiveness from the staff that makes the stay more comfortable. The rooms are clean, well-maintained, and keeps the authenticity of the traditional design while providing modern conveniences. While the location provides a deep immersion of the local culture, it may not be conveniently located for some popular tourist destinations. Some may find maneuvering around the narrow streets a bit confusing.",1,Correct,5.0,16.6,0.0,2.0,0.0,0.0,0.0,4.0,0.0
"Nicely furnished room and nicely decorated lobby. Room service is affordable and the receptionists, especially Mr. Omar, are usually eager to help with any queries.",0,Human -> AI,3.0,8.333333333333334,0.0,0.0,0.0,0.0,0.0,3.0,0.0
It’s location The sink in the room,0,Correct,1.0,8.0,0.0,0.0,0.0,0.0,0.0,2.0,0.0
"The hotel has a high level service with kind and considerate employees. The rooms are nice and well equipped. Compared with many other hotels in China, this one is very orderly. The Gym is well equipped and quite empty during the day. The indoor swimming pool is nice and clean. The breakfast buffet is rich and the coffee is delicious. The location is quiet and nice for tourists as it is closer to the major attractions, but also not so far from the city center. There are also many restaurants around where you can taste local traditional food. Sometimes, if unlucky, you might get a room with little cigarette smell.",1,Correct,9.0,12.222222222222221,0.0,5.0,1.0,0.0,0.0,8.0,0.0
"Internet, staff, size of room, beds, comfortable Location very dead, no near food points or access to trains so had to walk with luggage.
Room allocated initially wasnt clean so had to again take luggage manually downstairs and change room and take back again wasting time and effort with family and senior citizens is not easy. Water bottles were not provided so had to ask everytime and one time staff didnt provide water bottles despite requesting which was rude. Hotel can do with hiring a proper staff dedicated to these duties of taking luggage, providing such basics for an international brand this is not acceptable",0,Correct,4.0,26.25,0.0,2.0,0.0,0.0,0.0,10.0,0.0
"The hotel was located quite centrally, which was great. The room we stayed in was very small and the cleanliness left something to be desired. Unfortunately, the staff at the reception was not very helpful.",1,Correct,3.0,11.666666666666666,1.0,2.0,1.0,0.0,0.0,3.0,0.0
"The location of the hotel within vicinity to the Temple of Heaven. The hotel room was old and shabby with a subpar room service. The room lighting was inadequate, which made the ambience rather gloomy. Additionally, the staff was not cooperative and there was a substantial language barrier leading to miscommunications.",1,Correct,4.0,12.75,0.0,0.0,1.0,0.0,0.0,8.0,0.0
"The Location is Excellent: Very near to the airport. Taxis are easily available (I tried at 3.45AM).
I requested front desk for a quiet room and I was provided room on ground floor, which was clean and quiet at night. The AC was working well and hot water was available too. The washroom was clean too. 
Had a good sleep, as had to catch an early morning flight. 
Recommend this property to the travelers seeking a short stay for flights.
The only negative is that the Airtel signals were very poor in the room and had to go out for a call. But, maybe the other networks work well. Rooms need renovation. However, they are good for a night stay.",0,Correct,12.0,10.083333333333334,3.0,6.0,1.0,0.0,0.0,8.0,3.0
Great spot with great views. Realised there was a wet stain outside of the bathroom (about the size of a bath mat so significant) after I had checked in late at night and was ready for bed. I didn't want to change rooms as I had an early start. Reported when leaving which was a mistake because the hotel lost interest in me once they had my money. Mirror was filthy with someone else's toothpaste. Unacceptable for the cost and disappointing to have been promised a response from the manager. Tried three times to get some resolution - no response at all. Never received a copy of my receipt.,0,Correct,8.0,13.5,6.0,2.0,1.0,0.0,0.0,4.0,0.0
"nowhere do they state that there is only a queen's bed in the superior room, the superior room is definitely not designed for two people, there is only one bedside table, for example, they are all lying",0,Correct,1.0,37.0,0.0,0.0,0.0,0.0,0.0,3.0,0.0
"The location of the hotel is fantastic - close to the city center and most of the popular touristic spots. The room was average nothing special for the price they charge. The room's cleanliness was in question. Found hair in the bathroom. Plus no complimentary breakfast, even at the price point. The front desk staff seemed disinterested and not very helpful either.",1,Correct,6.0,10.166666666666666,0.0,2.0,0.0,0.0,0.0,6.0,0.0
"We really enjoyed to stay there - the rooms were nicely furnitured and offered enough space. Our wish to stay in a quiet room was fulfilled, and we liked the obliging staff. 
The hotel was located near enough to all the sights we wanted to see so we could walk by. The parking lot is very expensive regarding the fact it is outdoor next to the hotel and the cars aren't protected in any way.",0,Correct,4.0,18.5,5.0,0.0,0.0,0.0,0.0,5.0,0.0
"The interior design of the hotel lobby was beautifully executed, and the surrounding neighborhood had a charming appeal. During my stay, I had several issues. First, the room was not well-maintained. The carpet looked worn-out, and there was a constant smell of mildew. Secondly, the staff was not proficient in English, making communication challenging. Lastly, the beds were extremely uncomfortable, and the sheets were not very clean. All this dampened my experience.",1,Correct,7.0,10.571428571428571,3.0,1.0,3.0,0.0,0.0,4.0,0.0
"Clean and comfortable room, fast check in/out, breakfast, free underground parking Nothing",0,Correct,1.0,13.0,0.0,2.0,0.0,0.0,0.0,3.0,0.0
"The central location of Axel Hotel Madrid is quite convenient for sightseeing and exploring Madrid's lively nightlife. Unfortunately, the hotel service fell short of my expectations. The rooms were small and quite minimalistic, lacking the comfortable feel needed in a hotel room. The walls seemed thin as I was often disturbed by noise from surrounding rooms and the hallway. Also, the staff were not as friendly and accommodating as I hoped, which made my stay less pleasant. The food offer didn't meet my expectations, I think there is much room for improvement.",1,Correct,6.0,15.333333333333334,6.0,4.0,2.0,0.0,0.0,10.0,0.0
"The hotel location was close to the Georgetown. The room fell far below our expectations considering its price and the reviews we had read. Throughout our trip, we had to stay at two different places, and upon arriving at the golver park hotel, we were genuinely shocked. The facilities were outdated, and it was disappointing to find that it did not meet the standards of a 4-star hotel or justify the high ratings it had received. The size of the toilet was notably small, and the bathroom lacked a proper door for closure.",0,Human -> AI,5.0,18.8,5.0,0.0,3.0,0.0,0.0,6.0,0.0
"Wonderful location within walking distance to many attractions. The room was on an upper floor and had a stunning view of the Capitol. Staff were highly professional and accommodating, ready to assist with any requests. Nothing notable, my experience was overall enjoyable",1,Correct,4.0,10.5,1.0,1.0,0.0,0.0,0.0,5.0,0.0
"Check in and check out process was simple .
Staffs were very helpful Soundproofing is bad. We were less annoyed by the sound because we enjoy strolling around Seoul from morning to night",0,Correct,3.0,10.666666666666666,2.0,1.0,1.0,0.0,0.0,0.0,0.0
"One of the biggest advantages of this place is the good price. The hostel is quite close to the central station (approx. 15-20 minute walk), so it's a perfect choice if you are traveling on a smaller budget.
Close to the hostel there are several shops, cafes and restaurants, which is very convenient. The neighborhood is quite quiet and safe, so we didn't have any trouble walking around latter in the evening.
The hostel has a self check-in system; also the main entrance, entrance to each floor and room doors are opened with the same code, which made going in and out very easy (no need to worry about leaving the door card or key).
We stayed in a double room. The room was quite small at first glance, but it had everything what we needed - two comfortable single beds, clean bedsheets, private bathroom, clean towels, hairdryer, and (major bonus) - electric sockets next to the bed.
The kitchen on our floor was fully equipped. The biggest drawback was not the hostel itself, but other guests, staying in the hostel - noisy and messy.
Also, the entrance to the hostel at first might seem a bit unwelcoming, or even a bit sketchy. The entrance to the building is located at the back of a courtyard, and in order to get to the hostel, you have to pass several bars (or something like that).",0,Correct,12.0,19.416666666666668,4.0,6.0,2.0,0.0,0.0,9.0,0.0
"Hotel's location in the heart of Insadong The rooms were unnecessarily big with tons of wasted of space, furniture and appliances were outdated, the Wifi was unreliable, and hotel staff were largely uninterested in assisting with any concerns.",1,Correct,1.0,38.0,0.0,0.0,1.0,0.0,0.0,5.0,0.0
Location was very good We were put in the Dependance which is situated approx 100 metres from the hotel. The stay was very expensive and being unable to benefit from the use of the hotel facilities was extremely disappointing . In addition to this there was a problem with the air conditioning for the first 2 days leaving us with very large puddles of water on the floor - again not what you expect for the exorbitant rates charged.,0,Correct,3.0,25.666666666666668,2.0,1.0,2.0,0.0,0.0,4.0,0.0
"The location was convenient, close to a few attractions. The shower was cold, the room was not as clean as expected, and the noise from the street was clearly audible.",1,Correct,2.0,15.0,0.0,2.0,1.0,0.0,0.0,3.0,0.0
"Perfect location next to Temple of Heaven - a must-see in Beijing. The staff was really friendly and proficient in English, which made communication easy. The rooms were clean, spacious and well equipped.",1,Correct,3.0,11.0,0.0,3.0,0.0,0.0,0.0,4.0,0.0
Excellent n brilliant There was leakage from glass shield in shower,0,Correct,1.0,11.0,0.0,1.0,0.0,0.0,0.0,0.0,0.0
"Location Not so friendly staff,morning receptionist unhelpful, with very poor English. Breakfast not so good. Room had bad wall with very disturbing neighbour.",0,Correct,3.0,8.0,0.0,2.0,3.0,0.0,0.0,4.0,0.0
The location in the heart of Itaewon was convenient for restaurants and shopping. Rooms were quite small and I experienced some issues with cleanliness. Staff were not very helpful with resolution.,1,Correct,3.0,10.333333333333334,1.0,2.0,2.0,0.0,0.0,3.0,0.0
The area The fact that the hosting manager did not returned my call when I needed more details about the parking.,0,Correct,1.0,21.0,2.0,0.0,0.0,0.0,0.0,0.0,0.0
"The art-theme and modern aesthetic was quite appealing as was the central location. Although the hotel looks trendy and modern, it lacks the basic amenities one would expect from a hotel. The rooms were cramped and poorly lit. The toilets and showers were shared which was not clearly indicated when booking. The staff was not particularly engaging or helpful. The noise was unbearable at times disrupting sleep and it seems the hostel attracts a younger, boisterous crowd which may not be to everyone's liking. The 'free Wi-Fi' was practically non-existent in the rooms. Lastly, there were also some issues with cleanliness and maintenance.",1,Correct,8.0,13.25,0.0,1.0,2.0,0.0,0.0,6.0,0.0
"Riggs Washington DC was a beautiful and peaceful retreat right in the heart of the city. The room was tastefully decorated with great attention to detail, and the food was top notch. The staff went above and beyond to ensure our stay was memorable and comfortable. The only downside was the relatively high price for some of the room services, but considering the overall quality and location, it was worth every penny.",1,Correct,4.0,18.0,1.0,3.0,0.0,0.0,0.0,4.0,1.0
"Strategic location - near the Eiffel Tower and good restaurants. Rooms are a bit small, but it's common in Paris.",1,Correct,2.0,9.5,0.0,1.0,1.0,0.0,0.0,2.0,0.0
"Conveniently located Lack of English speaking staff, outdated rooms, poor WiFi connection",1,Correct,1.0,12.0,0.0,0.0,2.0,0.0,0.0,3.0,0.0
The location was quite handy to get around the city The staff was unprofessional and the hotel seemed outdated. Breakfast variety was ridiculous and the same food was served every day. Room cleanliness was also an issue. I would not recommend this hotel for stay in Beijing.,1,Correct,4.0,11.75,1.0,1.0,2.0,0.0,0.0,6.0,0.0
"Staff is friendly and helpful. Room was clean, breakfast was delicious as well Couldn't find any negatives",1,AI -> Human,2.0,8.5,0.0,4.0,0.0,0.0,0.0,4.0,0.0
"I was pleased by the room layout and cleanliness. It was relatively near to popular Seoul landmarks, which made my sightseeing explorations much easier. The breakfast variety could use some improvement, but it wasn't a deal breaker.",1,Correct,3.0,12.333333333333334,2.0,0.0,0.0,0.0,0.0,2.0,0.0
"The location of the hotel is very convenient, right in the center of Madrid. It's a walking distance to many tourist attractions and public transportation The noise level was extremely high, both from the street and from inside the hotel. The rooms were not sufficiently insulated against noise. Additionally, the front desk staff was not very welcoming or helpful",1,Correct,4.0,14.75,0.0,2.0,2.0,0.0,0.0,5.0,0.0
"The location of the Hotel Adveniat Paris is desirable, being close to numerous tourist attractions. However, my experience was far below expectation. The hotel staff were discourteous and unhelpful. The room, although clean, was extremely small with a tiny bathroom layering on to the discomfort. There was no soundproofing between rooms making it impossible to have a peaceful night due to noise from adjoining rooms. The Wi-Fi connection was very poor, inconsistent and slow. Unfortunately, it's a no for me.",1,Correct,7.0,11.571428571428571,2.0,1.0,4.0,0.0,0.0,9.0,0.0
"Excellent service from the moment we walked in. Indeed, Hilton upholds its reputation. The rooms were clean, location is superb as it's close to many attractions. The breakfast menu is diverse and high-quality. Staff were very friendly and accommodating, which significantly contributed to our positive experience No major downsides noted during our stay.",1,Correct,5.0,10.8,3.0,3.0,0.0,0.0,0.0,6.0,0.0
"The hotel is located in a quiet place, in 15 minutes you can be in the touristic spot and there are a lot of services around. The shower is to small and makes you feel like if you are sailing with not enough space. Be careful if you don't want to get seen by neighbors.",0,Correct,3.0,18.333333333333332,0.0,0.0,1.0,0.0,0.0,1.0,0.0
"The Hotel Opera in New Delhi boasts an accessible location, making it suitable for tourists wanting to explore the local area. Unfortunately, the room provided was notably unclean and management staff poorly responded to complaints. Additionally, the room service was largely inconsistent, often taking considerable time. Lastly, the quality of the food didn't meet my expectations based on the price.",1,Correct,4.0,15.0,1.0,0.0,1.0,0.0,0.0,6.0,0.0
The hotel needs renovation,0,Correct,1.0,4.0,0.0,0.0,0.0,0.0,0.0,1.0,0.0
"Centrally located in Itaewon, the Hamilton Hotel is a bustling hub of activity and an ideal landing spot for first-time visitors to Seoul. The proximity to the subway station and the bevy of local restaurants and shops make exploring the city easy and convenient. The rooftop pool offers a phenomenal vista of the city sky-line, providing relaxation amidst the city rush. Moreover, the cleanliness and modern amenities within the rooms themselves offers a comfortable abode after a day spent out exploring. The hotel can feel busy at times due to its popularity. However, staff always handle the influx of guests proficiently.",1,Correct,6.0,17.166666666666668,0.0,2.0,0.0,0.0,0.0,5.0,0.0
"Sofitel Le Scribe Paris Opera has a perfect location. It's just minutes from the Opera and Galeries Lafayette. The staff were exceptional, polite, and always ready to help with a smile. My room was spacious with a comfortable bed and a great view of the city. The prices at the mini bar were a bit steep but this is to be expected in such a high-end establishment.",1,Correct,5.0,13.6,1.0,4.0,0.0,0.0,0.0,5.0,0.0
"I felt so welcomed by the staff, they were very friendly. The room was clean, warm and quiet. Great location. Nothing of note to report during my stay.",1,AI -> Human,4.0,7.0,2.0,3.0,0.0,0.0,0.0,4.0,0.0
"The location of the hotel Eiffel Seine was its only saving grace, being pretty close to the Eiffel Tower and other attractios. The hotel was quite dated, the rooms had a musty smell and lacked basic amenities. The staff was not very helpful and there was a lot of noise during the night from the neighbouring rooms and street. The breakfast was very basic and not worth the price paid. Overall, it was a disappointing experience and certainly did not meet the expectations set from the hotel's website and other reviews.",1,Correct,5.0,18.2,0.0,1.0,3.0,0.0,0.0,7.0,0.0
"The location of the Glover Park Hotel Georgetown was quite good. Unfortunately, the service was not at the expected standard for such a hotel. Rooms were not tidied up regularly and staff were not very responsive or helpful. Also, the meals served at the in-house restaurant left a lot to be desired in terms of taste and value for money.",1,Correct,4.0,15.25,0.0,2.0,0.0,0.0,0.0,7.0,0.0
"The room was very clean, the cleaning lady was nice and helpful, using the code for the gate and the front door was easy. The area is rather unsafe and very very noisy, a lot of run down and abandoned buildings and garbage on the street. The neighbours are noisy, playing music and having parties through the night. It's fine if you want to party, but if you wish to get some sleep, I do not recommend this area. Also, the walls at the property are very thin and since there are lots of other apartments you can hear absolutely everything, and I mean eeeeverything. Also, the kettle in the room had a broken lid and was badly burnt, it cannot be used and seems unsafe.",0,Correct,6.0,21.0,2.0,4.0,2.0,0.0,0.0,3.0,0.0
"The location of the hotel is good, very close to the central station. The room was clean, we liked the breakfast spread.",0,Correct,2.0,11.0,1.0,2.0,0.0,0.0,0.0,5.0,0.0
"Good location, close to shopping area The room was quite small, not much space for luggage. The bed was too firm, ended up waking up with a backache. The staff didn't seem very enthusiastic in assisting us",1,AI -> Human,3.0,12.333333333333334,1.0,1.0,1.0,0.0,0.0,4.0,0.0
Nice location opposite to a beautiful park but just a few minutes walk to the restaurants and shopping streets,0,Correct,1.0,19.0,0.0,2.0,0.0,0.0,0.0,1.0,0.0
"The Guo Ji Yi Yuan Hotel in Beijing offered excellent service and exhibited tremendous hospitality. The location was quite convenient and central, making sightseeing an easy task. I was impressed with the cleanliness and modern amenities provided in the rooms, they made my stay extra comfortable. There weren't any significant drawbacks during my stay but I thought the variety in breakfast menu could've been more.",1,Correct,4.0,16.25,4.0,3.0,0.0,0.0,0.0,5.0,0.0
"Staff was kind, breakfast was okay. Room was dirty, especially the bathroom was dirty. Bed sheets were old and ripped off. We reserved for 6 nights 3 with breakfast 3 without. Yet they only gave us for the first 3 days, we couldn't use one of our breakfast on 4th day. We wanted to use our breakfast whenever we want. Even though we paid 3 breakfasts, we couldn't use all 3 but paid one extra. Be careful with that when you'r reserving. They are not helpful at all. We didn't really like the room they gave us for 6 days. We upgraded our room& paid extra just to get a corner room from the worst part of the hotel without no view.",0,Correct,11.0,11.090909090909092,13.0,1.0,3.0,0.0,0.0,13.0,0.0
"1. The location of the hotel is quite convenient.
2. The rooms are reasonably sized.
3. Some members of the staff were friendly and cooperative. 1. The rooms were not cleaned regularly.
2. The bathroom fixtures were outdated and not properly maintained.
3. The breakfast offered was very basic, with not much variation from day to day.
4. The WiFi connection in the rooms was inconsistent and often extremely slow.",1,Correct,14.0,5.0,0.0,2.0,1.0,0.0,0.0,9.0,0.0
"Stunning hotel with striking views of Madrid. Rooms are spacious and luxurious. Excellent breakfast in the restaurant with a wide variety of items. It's a little bit far from city centre, but it's understandable because it's a skyscraper.",1,Correct,4.0,9.5,0.0,1.0,0.0,0.0,0.0,4.0,0.0
"At Esila Hotel in Ankara, I found the rooms to be significantly spacious, clean, and comfortable. The breathtaking view of the city from my room always felt like icing on the cake. The location is a definite winner - it's in close vicinity to several essential hotspots like the Kocatepe Mosque and Ataturk Cultural Center, which made exploring the city incredibly effortless. The hotel staff were courteous and ever-willing to assist, whilst the added availability of a translator was a thoughtful touch. The buffet breakfast was vast and delicious, offering everything from various breads, jams, cheeses, fruits, fresh vegetables, scrambled eggs to flavorful Turkish tea. Only minor downside was the noise from the busy city, but that's unavoidable given the central location.",1,Correct,6.0,20.333333333333332,2.0,3.0,1.0,0.0,0.0,10.0,0.0
"Modern, stylish boutique hotel in an amazing location! The room was small but well designed, and every corner was used efficiently. There were USB ports next to bed. The bed was large and comfortable. The views were spectacular, and the hotel was very close to local shops, restaurants, and attractions. The staff was friendly and welcoming. The continental breakfast could have been better, but that was a minor point compared to everything else.",1,Correct,7.0,10.428571428571429,0.0,3.0,1.0,1.0,0.0,8.0,1.0
"Hotel is set in a prime location, close to multiple tourist destinations. The rooms lacked basic amenities and cleanliness was a notable issue. The staff was not very helpful and there were constant issues with the Wi-Fi connectivity.",1,Correct,3.0,13.0,0.0,1.0,2.0,0.0,0.0,4.0,0.0
"The Holiday Inn Express in Beijing was top notch! Comfortable beds, clean and modern rooms, and the breakfast spread had a variety of Western and Chinese options. It was conveniently located to the Temple of Heaven and within easy access to public transportation. The only issue was the language barrier with some staff but they always tried their best to assist.",1,Correct,4.0,15.25,0.0,2.0,1.0,1.0,0.0,4.0,0.0
"Absolutely superb experience during my stay. The service was exceptional, the staff were kind and very attentive. Loved the spacious rooms, elegantly furnished and impeccably clean. Excellent location, walking distance from Madrid's main attractions, restaurants, and shopping areas. The breakfast was diverse, plentiful, and delicious too. WiFi could be slightly better, had a few connection drops. Also, it could be a bit noisy outside during the night due to the central location.",1,Correct,7.0,10.285714285714286,1.0,4.0,1.0,0.0,0.0,8.0,0.0
"Found the Generator Hotel to be a gem in the heart of Washington DC. The location alone is exceptional, with plenty of sights and restaurants within walking distance. The hotel staff went above and beyond to offer friendly and efficient service. Our room was clean, comfortable and surprisingly quiet for a city hotel. The in-house restaurant served a variety of delicious options which made meal times something to look forward to. The only downside was the somewhat expensive parking, but this is more a reflection of the area than the hotel itself.",1,Correct,6.0,15.5,1.0,5.0,0.0,0.0,0.0,10.0,1.0
Clean and safe. The rooms are nice. The location is very good. Definitely a hotel to stay.,0,Correct,4.0,4.25,0.0,3.0,0.0,0.0,0.0,4.0,0.0
"Breakfast was good Cleaning: we found a pair of slip in the toilet, and they then put them in our backpack when we were out.
Organisation: we had to change room during the second night",0,Correct,2.0,17.5,4.0,1.0,0.0,0.0,0.0,2.0,0.0
"Area was very nice with good restaurants close by, breakfast was good but not worth the price they were charging, just 5-10 min from the hotel were a lot of better alternatives Beds were horribly uncomfortable and hard, it also made a sound like crunch wrap when you were moving which woke us up during the night, we told the front desk but they didn't care at all about our complaints",0,Correct,1.0,72.0,3.0,3.0,1.0,0.0,0.0,2.0,0.0
"The location of the Grand Millennium in Beijing was quite convenient for my travel needs. The service, however, left much to be desired. From unhelpful staff to cleanliness issues in the room, my experience was below par for a hotel of this standing. Additionally, the room amenities were not as advertised and the food service was mediocre at best.",1,Correct,4.0,14.75,2.0,1.0,2.0,0.0,0.0,7.0,0.0
"Nothing.... Very old hotel with small rooms of ancient era. Everything.... Smelling and stinking corridor and carpet throughout. 
Wooden doors of 1970's and that too broken. In the middle of very old type residential colony.",0,Correct,6.0,5.833333333333333,0.0,0.0,1.0,0.0,0.0,2.0,0.0
"The rooms were large and clean, with a cute balcony. The staff were extremely accommodating and helpful. A pleasant, peaceful and well maintained establishment. Although the hotel is well maintained, the WiFi can be a bit spotty at times, which was a little frustrating.",1,Correct,4.0,11.0,0.0,3.0,0.0,0.0,0.0,5.0,0.0
"The location is convenient and the building itself is historic and pleasant to look at. The service was unfortunately lacking, there was no phone in the room to get hold of housekeeping or room service, the amenities were not up to the mark for a hotel claiming such high standards, the food was mediocre, and it was extremely noisy due to nearby construction work.",1,Correct,2.0,32.0,0.0,2.0,1.0,0.0,0.0,6.0,0.0
"The location of Hilton Garden Inn Washington DC Downtown is fairly decent, being located close to several major attractions. My experience at Hilton Garden Inn Washington DC Downtown was unfortunately disappointing. The staff were generally unhelpful and often seemed disinterested in their guests. The quality of the room was subpar with uncomfortable beds and outdated bathrooms. To add to this, the hotel seems to be struggling with cleanliness issues with the common areas often being left untidy. The noise level was also a frequent problem, causing significant disturbances during evenings and early mornings.",1,Correct,6.0,15.5,1.0,0.0,7.0,0.0,0.0,4.0,2.0
"Location at Berlin downtown, next to a metro station, bus and tram stops. 1 - The wifi on my floor only worked prorpely on the first of my stay. I complained for 4 days with the employees and they ignored my repair requests. Also 4g/5g reception is bad inside the rooms so was incommunicable to my family and friends.
2 - The toilet flush was broken in my room and again the staff ignored my many repair requests and denied me the right to switch to a room where it didn't smell like s...
3 - Avoid shared rooms they don´t have AC working for hot summer days.",0,Correct,6.0,17.833333333333332,8.0,0.0,2.0,0.0,0.0,8.0,1.0
"The Upstairs Boutique was a charming place to stay. The room was spacious and clean with a comfortable bed. The location was perfect too, easy to explore Bucharest from here. Plus, the staff was very helpful and friendly. The only downside was that the breakfast variety could be slightly improved.",1,Correct,5.0,10.0,0.0,5.0,0.0,0.0,0.0,6.0,0.0
"Central Guesthouse in Bucharest was a blissful stay. The location of this hotel is simply exemplary with easy access to the city centre and public transportation. The rooms were spotless, and the staff members were accommodating and warm, providing excellent service day in and day out. Furthermore, the complimentary continental breakfast was of high quality and varied, providing a great start to our day exploring Bucharest. Very minor issue, but the wifi signal was occasionally weak in our room. The management team, however, promptly offered to fix this when raised.",1,Correct,6.0,15.0,2.0,2.0,1.0,0.0,0.0,8.0,0.0
"PERFECT LOCATION AND STAFF!. Very good please, recommended! Everything was perfect!",0,Correct,3.0,3.6666666666666665,0.0,4.0,0.0,3.0,0.0,2.0,4.0
perfect location to walk around the city. amazing room. professional and very kind staff (a further remark to the concierge service: day by day they helped us in making unforgettable our stay!). we will return..for sure!,0,Correct,6.0,6.166666666666667,3.0,2.0,0.0,2.0,0.0,4.0,0.0
"comfortable bed dirty bathroom
whole night (every night) EXTREME ambient noise
old and dirty bathroom
non friendly staff",0,Correct,1.0,18.0,0.0,2.0,3.0,0.0,0.0,4.0,1.0
"The location of the Hotel Skypark Myeongdong 1 is unbeatable. Right in the center of the buzzing Myeongdong area, it provides easy access to public transportation and various shopping and dining outlets. However, the room was quite small and cramped. The cleanliness was an issue and the hotel could use a significant update in terms of facilities and decor. An unexpected annoyance was the constant noise of street vendors and shoppers since it's located in a busy neighborhood. The staff could also do with some customer service training. Our concerns weren't addressed promptly which left us feeling rather neglected during our stay.",1,Correct,7.0,14.571428571428571,3.0,0.0,3.0,0.0,0.0,6.0,0.0
"Amazing location, smack dab in the middle of Myeong-dong. Convenient for shopping and exploring Seoul. Clean and comfortable rooms with free water The only downside is the lack of variety in breakfast. However, the location itself has plenty of food options.",1,Correct,4.0,10.5,0.0,4.0,0.0,0.0,0.0,5.0,0.0
"The Hotel Ickale is a splendid choice for any traveler in Ankara. With its spacious, comfortable rooms and a welcoming, helpful staff, it truly made my stay enjoyable. Breakfast was delicious with a wide variety to fit anyone's palate. Slightly further from city center, yet still within reasonable accessibility.",1,Correct,4.0,12.25,1.0,3.0,0.0,0.0,0.0,4.0,0.0
Friendly staff and good location. Room service was disappointing with limited options and food choices. The room was smaller than we expected and the bathroom needed a deeper clean.,1,Correct,3.0,9.666666666666666,1.0,3.0,2.0,0.0,0.0,7.0,0.0
Location! Location! None!,0,Correct,3.0,1.0,0.0,0.0,0.0,3.0,0.0,2.0,0.0
"Staying at the Central Guesthouse was a real pleasure! The rooms are clean and comfortable, and the location in Bucharest is unbeatable - just a short walk from major attractions. The staff was remarkably friendly and helpful, always keen on making sure we had all we needed. The breakfast they serve is good, with a variety of options to choose from. The wifi connection was strong and reliable, which I appreciated as I needed to do some work during my stay. The only minor drawback was that the room was a bit small, but considering the excellent location and service, this was hardly a deal-breaker.",1,Correct,6.0,17.5,5.0,6.0,1.0,1.0,0.0,9.0,0.0
"The location of the hotel was excellent. It was right in downtown Washington with several points of interest within walking distance. The lobby was chic and the common areas were tidy. The room had a strange musty smell, and unfortunately, despite bringing it up with the staff, it was never addressed. The rooms were not as clean as expected and some parts of the room had visible dust and dirt. The service staff were inconsistent in their approach to customer service. Some were very friendly whereas others were quite rude and unhelpful. The Wi-Fi also kept disconnecting, which made working from the room a nightmare. Additionally, the hotel restaurant was overpriced for the quality of food served.",1,Correct,9.0,13.11111111111111,0.0,3.0,2.0,0.0,0.0,13.0,0.0
"Fantastic central location, room was very modern and clean. Staff were all friendly and going extra mile in customer service. Breakfast was delicious. View from the rooftop bar was spectacular. Everything was good, no downside.",1,Correct,5.0,7.0,0.0,5.0,0.0,0.0,0.0,7.0,0.0
"Location and not much else. The closeness of the property to the Ankara Esenboğa Airport was the only good thing about this hotel. It wasn't too dirty either. But that's it. Staff was professional but not friendly. This hotel, being an ""airport hotel"" doesn't offer a ride to its guests to the airport which is about 1.5 km (about a mile) away. Not only that the hotel doesn't have an arrangement with a taxi rank to provide a facility for its guests to find transport to the airport. We tried to order a large transport to the airport very early in the morning (5:00 AM), no taxi company was taking reservations and the staff was not interested in finding us a solution. They merely said that they could call the taxi rank at the airport and if they didn't have a big car then we should get a second cab to carry out large number of big suitcases. In the end, the cabs we requested didn't arrive in time either, so a kind van driver agreed to take is to the airport whom we tipped generously. The hotel staff tried to prevent the van driver from taking us to the airport, fortunately the driver ignored them.",0,Correct,12.0,17.333333333333332,6.0,2.0,1.0,0.0,0.0,9.0,1.0
"Comfortable bed, lovely spacious hot shower, toiletries that were provided, bottle of water in room. Breakfast was lovely and plentiful. The noise, the noise, the noise!! Kept me awake for hours both Friday and Saturday night. Very loud music until about 4-5am. No drawers or wardrobe for clothing, no safe or fridge in room.",0,Correct,6.0,9.166666666666666,1.0,3.0,3.0,2.0,0.0,4.0,0.0
"Location is the only positive for this hotel otherwise it should not be ranked as a five star. The bedding, the windows, the noise, room sizes. I dont understand why it is a five star?",0,Correct,3.0,11.666666666666666,1.0,0.0,1.0,0.0,1.0,3.0,0.0
"Really clean, friendly staff who recommended places to see and eat, within walking distances of the main sights",0,Correct,1.0,18.0,0.0,3.0,0.0,0.0,0.0,2.0,0.0
"We loved how big the room was and how comfortable the beds were! the location is very close to the metro but also most of the Gangnam area which made it very easy to walk everywhere. fantastic staff, very friendly and helpful!",0,Correct,3.0,14.0,1.0,4.0,0.0,2.0,0.0,3.0,0.0
"Hotel is at the city center. It's very very close to old city, where Bucharest live in. Approximately 600 meters with walking. Breakfast its so perfect. If I will come Bucharest again, I will stay here. And special thanks for Flori in breakfast hall and Mihaela (Customer Service Manager) at check-in desk for their smiles and kindness. This is a Turkish friendly hotel. Wish to see you again :) Maybe room make-up. Not a big problem.",0,Correct,9.0,8.555555555555555,2.0,2.0,1.0,0.0,0.0,6.0,0.0
"very nice staff the room it wasn’t clean, they didn’t vlean the toilet over the persons who been before . They we’re fixing something on the corridor and the smell was coming till the room, a very strong smell that makes you dizzy . I asked to change the room and the changed .",0,Correct,3.0,18.0,2.0,2.0,2.0,0.0,0.0,5.0,0.0
"Hotel is totally in the center of the city. Next to the metro station, line 2 and 3, so you can travel everywhere to visit the city. Downstairs coffee-shop Angel in us. A lot of small markets around as well as restaurants. Room was big, every day housekeeping: fresh towels, cups, water, etc. Breakfast very testy. Personel was very kind, nice and very helpful; they were always ready to help with changing the money or ordering the taxi or helping with the organizing the tour. When I ordered the morning call because I had to wake up very early next day, and I didn't pick up the phone (unfortunately I was still sleeping ;-), they came to my room to wake me up. Highly recommended !!! Nothing; everything was perfect.",0,Correct,10.0,12.9,7.0,4.0,1.0,3.0,0.0,4.0,0.0
"The hotel is in a prime location, right on one of the city's major boulevards. The lobby area is well-designed and unique. My room, though aesthetically pleasing, had several functional issues. The signal for Wi-Fi was poor and intermittent. I also faced trouble with the room temperature control system, which kept switching off intermittently, making the room too hot. The hotel has minimal staff, which made getting assistance a slow process.",1,Correct,6.0,12.166666666666666,2.0,0.0,2.0,0.0,0.0,7.0,0.0
"Location and helpful staff members The only good thing about the hotel is its location and the hard working staff.Room rates are extremely overpriced for the services available at the hotel:
-Stayed the first weekend in July, king size room approx $180+$30 facility fee +$30 taxes=$240 per night (US$ of course)
-completely outdated hotel in a desperate need of renovation
-had to be moved to another room because the bathroom ceiling was flaking due to a water damage from the room above (thank you to the amazing front desk employee for moving me into another, more decent room)
-AC in the room was not working-(thank you to the facility engineer for fixing it promptly)
-coffee machine in the room was not working-didn't even bother to get if fixed after everything
-no fridge in the room-in 21 century, that should not even be a topic for discussion
-wi-fi log in required every 24 hrs-no idea what is the logic behind this
-room access card had to be validated almost daily
Bottom line, for $240 per night you have options, way BETTER accommodation options in the beautiful Washington DC",0,Correct,2.0,97.5,2.0,4.0,1.0,0.0,0.0,17.0,4.0
very good i really enjoyed my stay here thanku mahesh we definitely come here again,0,Correct,1.0,15.0,3.0,1.0,0.0,0.0,0.0,0.0,0.0
"Nice room, staff are very nice and friendly to me. My room was cleaned everyday without asking them : ) It’s very near to the tower, I walked to it directly. It’s really just next to Seine! And the bridge in movie INCEPTION is also next to it! I’ll recommend to my friends who will come to Paris! nothing",0,Correct,6.0,10.0,5.0,4.0,0.0,3.0,0.0,3.0,1.0
The location of this hotel is great.. Really loved the room.. pretty spacious as compared to rooms of other hotels in similar category. bathroom was pretty spacious and clean as well.,0,Correct,4.0,7.75,0.0,2.0,0.0,0.0,0.0,6.0,0.0
The waitress at breakfast.. 🫶 The fact that we were in a completely different building… and the unhelpful reception staff!!!,0,Correct,2.0,9.5,1.0,0.0,1.0,3.0,0.0,2.0,0.0
Location was very suitable for Old Town walk and other activities.,0,Correct,1.0,11.0,0.0,0.0,0.0,0.0,0.0,1.0,0.0
"Location great - near train station and right next to the east side gallery They seemed to have three different external events on over the three nights we stayed, which were booked in to hotel social areas that are advertised for guest use. We therefore couldn’t use those spaces such as the rooftop bar, which was very disappointing as it was a selling point for booking the hotel. Hotel rooms are designed badly, very small with minimal storage. No basic room amenities such as coffee/tea making facilities",0,Correct,4.0,22.0,2.0,1.0,2.0,0.0,0.0,6.0,0.0
"Great location, large rooms with balcony",0,Correct,1.0,6.0,0.0,1.0,0.0,0.0,0.0,2.0,0.0
i have been coming in a regular basis for 2 years now for business purposes and this was the worst welcome I had so far and will not come and stay there anymore i have been coming in a regular basis for 2 years now for business purposes and this was the worst welcome I had so far and will not come and stay there anymore,0,Correct,1.0,66.0,4.0,0.0,2.0,0.0,0.0,0.0,0.0
"Location and rooftop pool My room was supposed to have a “garden view” instead it had a ventilation shaft view. Terrible! Also food was bad, some staff were rude and unhelpful. Some staff didn’t speak English.",0,Correct,4.0,9.25,1.0,0.0,3.0,1.0,0.0,7.0,0.0
"I was extremely impressed with the State Plaza Hotel in Washington. From the friendly and accommodating staff to the clean and comfortable rooms, my experience was nothing short of excellent. In particular, I enjoyed the hotel's central location which allowed for easy access to major sights and landmarks. I would wholeheartedly recommend the State Plaza Hotel to anyone planning a trip to Washington. There was nothing noteworthy on the negative side.",1,Correct,5.0,14.2,4.0,5.0,0.0,0.0,0.0,6.0,0.0
"What a wonderful experience we had! I must commend the staff at CitizenM Paris Champs-Élysées - they're so polite and accommodating. The rooms are uniquely designed and efficiently use all the available space. Also, the location of the hotel couldn't be better - it's just a short stroll away from the iconic Champs-Élysées and the Arc de Triomphe. Only downside was the pricey breakfast. For the rates charged, we expected more variety and choices.",1,Correct,6.0,12.333333333333334,3.0,1.0,0.0,1.0,0.0,5.0,0.0
"The location of Hotel 87 eighty-seven is brilliant - just a few minutes' walk from some of Rome's major attractions. The staff were particularly helpful and friendly. Further, the rooms are clean and air-conditioned, and the rooftop bar offers an excellent view of the city. Gym facilities could be improved.",1,Correct,4.0,12.75,0.0,4.0,0.0,0.0,0.0,6.0,0.0
Ideal location for travel convenience. The rooms are very outdated and not clean. The TV was not working. Wifi connection was poor and the breakfast was subpar for the price.,1,Correct,4.0,7.5,0.0,1.0,2.0,0.0,0.0,5.0,1.0
"Great location for my needs, good value for money.",0,Correct,1.0,9.0,1.0,2.0,0.0,0.0,0.0,1.0,0.0
"The location is ideal for early morning flights, as it's just a short distance from the airport. Shuttle service was prompt and convenient. The rooms were clean and well-equipped for a comfortable stay. Staff were pleasant and exceedingly helpful. The vicinity doesn't have many attractions or eateries, but it wouldn't matter much for short stay or airport transit guests. However, the hotel’s own restaurant does a good job for a meal.",1,Correct,6.0,12.166666666666666,0.0,6.0,0.0,0.0,0.0,7.0,0.0
"The bed was comfortable and the location is good, near the railway station. The noise from the railway station was unbearable, impossible to sleep. When we asked to change the room, the staff was not understanding and very unhelpful. Also, the cleanliness of the room was very poor.",1,AI -> Human,4.0,12.0,1.0,2.0,3.0,0.0,0.0,5.0,0.0
"Conveniently located near Dongdaemun Design Plaza, this hotel offers a comfortable place to stay after a day of sightseeing. The staff are friendly and accommodating, making sure your needs are attended to. The only minor issue was the limited selection for breakfast, which could be improved for a diverse clientele.",1,Correct,3.0,16.666666666666668,0.0,2.0,2.0,0.0,0.0,3.0,0.0
"We loved the location. We never visited Berlin before until now, but having a metro and tram station right next to the hotel was a huge help! 
Also, value for the money. We had a loft room with a big bed and private bathroom, and it wasn't like the photos - it was much better. No red interior and laying on the floor like the pictures showed (we wouldn't mind that at all too) but we simply didn't expect this at all. It was a nice surprise. :) Nothing",0,Correct,7.0,12.428571428571429,5.0,1.0,0.0,1.0,0.0,6.0,0.0
The hotel's location is great. Really close to the city center. The room was not up to standard. It was small and poorly maintained. The staff were not helpful when we encountered problems. The services promised were not delivered and the overall experience was quite disappointing.,1,Correct,6.0,7.666666666666667,1.0,2.0,3.0,0.0,0.0,3.0,0.0
"Great location close to the subway. I was very disappointed in this hostel. When you book the room, you receive a confirmation
message saying that they are happy to help with day trips and tickets, and that you can contact them. I tried many times (both here on Booking.com, on WeChat and via email), but I was ignored. A few days before my arrival I finally got a reply but in Chinese. All communication is done in Chinese. 
When I arrived I asked again for help. The staff misinformed me and sent me to the Forbidden City to buy tickets, which is not possible. They need to help you, because as a foreigner you cannot book yourself without a Chinese phone number and WeChat Pay or Alipay. So I spent several hours hunting a ticket that I couldn’t get! In the end another staff member helped me, but they do not seem ready to help foreigners at all. I also booked a trip to Mutanyiu Great Wall via the hostel, and the tour was fine, but it was very difficult to follow what was happening. It was an all Chinese tour for Chinese, and it was a bit uncomfortable not knowing what was happening (e.g. should we get out when the bus stops? what time should we be back at the bus? why do need to pay additional money to the guide?). 
Also the room was only okay. The bed was very hard (like most places in China, but yet this one was the most uncomfortable bed on our 1 month trip). Housekeeping meant putting the dirty towels back and not making the bed nor providing new shampoo. No breakfast to be found around either and the cafe next door only opens at 11 AM. 
I was definitely expecting more for the 760 RMB I was paying per night. We stayed for 6 nights and I cannot recommend it. There must be a better and cheaper option out there!",0,Correct,26.0,12.76923076923077,20.0,3.0,4.0,2.0,3.0,9.0,2.0
The hotel is uber luxurious and is surrounded by vibrant city life. It's very close to various tourist locations. Comfortable rooms and commendable service by the staff made our stay a memorable one. There is nothing to note for the downside.,1,Correct,4.0,10.25,1.0,1.0,0.0,0.0,0.0,4.0,0.0
"A little dark inside the room, better to add an additional light bulb",0,Correct,1.0,13.0,0.0,0.0,0.0,0.0,0.0,1.0,0.0
Amazing place definitely worth staying rooms were clean and well maintained.. Awesmm hotel... staff was managiing everything properly... food was tasty... thanks to all...,0,Correct,5.0,4.8,0.0,2.0,0.0,0.0,0.0,4.0,0.0
"I found The Marmorosch Bucharest, Autograph Collection simply exquisite. The rooms were notably spacious and elegantly decorated, making me feel immediately at home. The service was spot-on, with staff members being amicable yet professional. The location is unmatched, allowing easy access to the alluring attractions of Bucharest. The eateries in and around the hotel served a variety of mouthwatering dishes that are sure to please any food lover. The unique charm of this hotel truly enriched my stay in Bucharest. While I had a marvelous stay overall, I will note that the cost per night was rather steep.",1,Correct,7.0,14.142857142857142,5.0,0.0,0.0,0.0,0.0,6.0,0.0
"Staff Noisy pipes in bathroom, No air conditioner, NO VIEW AS PROMISED IN BOOKING.",0,Correct,1.0,14.0,0.0,0.0,1.0,0.0,0.0,3.0,6.0
"The surrounding location. The facilities.
Bathroom was right inside the room (which means you can't have a guest and have your bath at the same time.
Bed was twin beds joined as one. This meant the beds will regular slide apart and you can fall in the middle.
TV didn't work.
Refrigerator didn't work.
Rooms were never cleaned.
Rooms were small.",0,Correct,9.0,6.777777777777778,0.0,0.0,1.0,0.0,0.0,6.0,1.0
"Check-out procedure was smooth The poor customer service and lack of cleanliness in the rooms makes me strongly discourage a stay at The Embassy Nord. The room was not cleaned daily, and customer inquiries were met with rudeness and indifference. The facilities were not well-maintained either - the air-conditioning was hardly working properly.",1,Correct,3.0,18.333333333333332,1.0,0.0,1.0,0.0,0.0,3.0,0.0
"The hotel is centrally located and the staff were polite. Despite its good location, the rooms were small and had an old smell. The air conditioning was a little noisy. The price was too high compared to the service provided.",1,Correct,4.0,10.0,0.0,1.0,3.0,0.0,0.0,5.0,0.0
"Hôtel Lodge In Paris 13 was an outstanding experience! The staff were friendly and accommodating, the rooms were tastefully decorated with a touch of Parisian elegance, and the cleanliness was impeccable. The location was also a top advantage, being close to major attractions. It would have been great if the hotel offered a wider range of breakfast options.",1,Correct,4.0,14.5,0.0,2.0,0.0,1.0,0.0,5.0,0.0
"Very neat clean and spacious hotel..... The hotel is at main road, at a location visible from all around. Nice entrance, rooms were very good. The manager and the staff was helpful. Nice Cozy place, in house restaurant Good Food.",0,Correct,5.0,8.0,0.0,6.0,0.0,0.0,0.0,7.0,0.0
"The hotel is great, comfy, clean and in an excellent location. But I give such an outstanding review mainly because of the helpfulness of the staff. Now in Beijing it is very difficult for tourists without a Chinese sim card to reserve places in tourist attractions or for shows. Entrance to most tourist attractions and sights in Beijing is severely limited. The hotel staff, and especially the manager with the business suit and black tie (I do not remember his name) went out of their way to help me. I am deeply thankful and will recommend this hotel to anyone. It would be nice to have breakfast and/or restaurant in the hotel. But there are plenty of good eating options outside, especially in that super nice pedestrian street.",0,Correct,8.0,16.125,4.0,7.0,1.0,0.0,0.0,10.0,1.0
"The Hotel Villa Pamphili Roma was absolutely delightful, the rooms were spacious and beautifully decorated. In-room amenities were plentiful, including high-quality toiletries and a fully stocked minibar. The hotel's location is indeed a highlight, conveniently situated near major attractions, yet offers a serene retreat with its magnificent garden views. Some guests might find the traditional decor a little dated, but otherwise, there's little to fault.",1,Correct,4.0,16.75,0.0,0.0,0.0,0.0,0.0,4.0,0.0
"Good location to the centre. There was a construction work being done in the next room, a lot of noise at 7am! Rooms being not fully cleaned, dusty. Small room, old tv",0,Correct,4.0,8.0,0.0,1.0,2.0,1.0,0.0,4.0,0.0
"The staff was very pleasant and welcoming. It is convenient near the airport and the hotel provides a free shuttle service. The hotel rooms seemed outdated and slightly neglected. The lack of soundproofing resulted in unwanted noise from adjoining rooms and the airport. Also, the Wi-Fi connection was unreliable.",1,Correct,5.0,10.0,0.0,2.0,2.0,0.0,0.0,6.0,0.0
"The Hotel Mimosa found in a great location as it is nearby public transport links. However, the rooms are very small, old-fashioned and beds are not comfortable at all. There is no soundproofing which means you can hear every move of your neighbours. The lack of staff hospitality and their ignorance towards the request was truly disappointing.",1,Correct,4.0,14.5,0.0,2.0,2.0,0.0,0.0,4.0,0.0
"good rooms, location close to the center, in my case to the embassy!! breakfast menu could be better!!!",0,Correct,2.0,9.0,1.0,1.0,0.0,5.0,0.0,3.0,0.0
"Very quiet, in the middle of a Park with a lot of Plants around, very easy to arrive quicly to Vatican & all major attractions.
In the evening getting cooled by the pool was a Great asset.
The stuff very patient and helpful with getting tickets for visiting Vatican.
For us was just perfect! 🤷‍♂️",0,Correct,5.0,10.6,1.0,3.0,0.0,1.0,0.0,1.0,0.0
"Great location, bed was comfy, room was spacious with plenty of bench space. We liked having a fridge, some wine glasses, and access to a little tea and coffee station with a sink to wash dishes.",0,Correct,2.0,18.0,1.0,1.0,0.0,0.0,0.0,3.0,0.0
"The decor in the hotel and rooms was nice and modern. Staff at the restaurant were hardworking and polite. I did not have a good experience. The room was small, and the cleanliness standard left a lot to be desired. And the biggest downside was the bathroom. There was hair on the floor and the towels didnt seem to be fresh. Moreover, the hotel was very noisy. You could literally hear your neighbor's conversation which doesn't give you any privacy and disturbs your sleep. I wouldn't recommend this hotel to travellers looking for a quiet and clean place to stay.",1,AI -> Human,9.0,11.11111111111111,2.0,4.0,2.0,0.0,0.0,10.0,0.0
"Close proximity to universities and attractions in Georgetown Dirty rooms, broken air conditioning system and unhelpful staff made the stay unpleasant",1,Correct,1.0,21.0,0.0,0.0,2.0,0.0,0.0,2.0,0.0
"Location The lift broke down , hotel was at different location from booked",0,Correct,1.0,12.0,0.0,0.0,0.0,0.0,0.0,3.0,0.0
clean and convenient to shopping and restaurants,0,Correct,1.0,7.0,0.0,2.0,0.0,0.0,0.0,1.0,0.0
Close to Metro. Room fills up with smell of cigarette coming from the centre Aircon system. Smell is so bad we cannot rest in the room during the day. Regret booking 2 nights.,0,Correct,4.0,8.25,1.0,0.0,3.0,0.0,0.0,2.0,0.0
"Nice Rooms, comfy beds, well equiped Gym, great staff",0,Correct,1.0,9.0,0.0,2.0,0.0,0.0,0.0,2.0,0.0
"I was very happy with the property!! Especially since it was walking distance to Termini. I appreciated the cute design of the bright lobby with a simple modern elegant vibe. The attendants were great!! Very service oriented and ready to help. Overall the rooms designs where the same. Loved the light configurations. You could turn the room light off from your bed or the wall. After traveling for 6 weeks, it was a blessing to have a nice sized shower in very nice bathroom. Loved the closet space, prompting me to actually put up my clothes. The TV and cable were excellent with a selection of CNN and BBC news channels. Plus the wonderful veranda / garden for breakfast or an evening cocktail, just amazing. Overall I thought a great location, in a NOT TOO hectic area, that makes for a nice starting point if for business or leisure traveler. However, my treatment as a single traveler was not as good. Read below. My biggest problem was how I was treated as a single / lone female traveler. Firsthad booked this 3 night stay, 8 weeks before arriving. When I arrived I was put into a room that took 3 different stairwells and 2 elevators to get to. The last elevator was a single private one that went to the floor with only 3 rooms. Though in the back of the hotel, I LOVED the room. It was a basic double bed room. It had a desk area, was on the 3rd or 4th floor, great light, and I could open the curtains / the door to a view of rooftops. However, the maze of stairs, elevators, and remoteness was a bit unsettling and also cumbersome when coming back and forth. So I decided to ask for a room change.
The woman who checked me in at the desk was still there and great. She said no problem we could do it that night or the next day. I went to dinner. When I came back there was a new woman - different attitude. She said she understood I was not happy with the room. I explained it was not the room, but the access / location. I even said I don’t need to be on a different floor, it’s just as a single woman I did not feel comfortable in an area where my only access was a private elevator. She now said it was better to move in the morning she had no rooms. Though I had seen many being turned over. The next morning with bags packed, I was ready to move. Instead I was told I could go on my day and they would move me to my new room. This was GREAT!!
When I got back and walked into the new room, I felt like I had been PUNISHED for wanting to feel safe. I was put into a smaller room, on the first floor courtyard. Everything was smaller. No coffee packets, even my mini bar in the refrigerator was now just 2 bottles of water. And the location, literally someone could have jumped right into my window from the courtyard if the window was open. And because the window faced the courtyard, even if the window was open, there was barely LIGHT.",0,Correct,42.0,12.976190476190476,36.0,13.0,2.0,6.0,0.0,27.0,9.0
"Breakfast was by far one of the best. The scrambled eggs were amazing.
Overall very pleasant stay. Parking could/should be included in the price.",0,Correct,4.0,6.25,0.0,2.0,0.0,0.0,0.0,1.0,0.0
"The location is good, and I always stay at this hotel. Breakfast didn't reach. The room had some problems and I couldn't use baseyne free.",0,Correct,3.0,8.333333333333334,2.0,1.0,1.0,0.0,0.0,4.0,0.0
"Good location, the rooms are comfortables and The staff very kind.
100% recommended",0,Correct,2.0,6.5,0.0,2.0,0.0,0.0,0.0,3.0,0.0
Location Construction in first floor,0,Correct,1.0,5.0,0.0,0.0,0.0,0.0,0.0,2.0,0.0
Great location 5 min from all Embassies. Diplomatic district bit strong cold aircondition,0,Correct,2.0,6.5,0.0,1.0,0.0,0.0,0.0,1.0,0.0
It’s near the train and bus station. It’s also a few mins walk to the shops. Best part is that there’s a convenience store downstairs The hallways are a bit dark at night,0,Correct,3.0,12.0,0.0,0.0,0.0,0.0,0.0,0.0,0.0
Historic neighborhood Rooms were dated and had poor soundproofing.,1,Correct,1.0,9.0,0.0,0.0,1.0,0.0,0.0,1.0,0.0
"Good location , really nice receptionist. Clean room There was problem with water in the bathroom. Only one person could take shower as the water after it was staying there. Looks like drain was very foul. Did not ask to clean it since left the very next morning",0,Correct,5.0,9.4,0.0,4.0,1.0,0.0,0.0,5.0,0.0
"The atmosphere here is stunningly nice! A classic Chinese garden right in the heart of the hostel where you can enjoy quietness and tranquility in bustling Beijing. Staff are helpful and accommodating. Rooms are preserved in old Chinese style but equipped with all modern facilities. Occasionally noisy fellow guests, but it's to be expected in a youth hostel, mostly lively and friendly environment.",1,Correct,5.0,12.6,0.0,3.0,1.0,1.0,0.0,2.0,0.0
The location is okay and close to public transportation The room was not air-conditioned and very muggy. The conditions were uncomfortable,1,Correct,2.0,11.0,0.0,0.0,1.0,0.0,0.0,2.0,0.0
"Close to main road and relatively near to Public Transport. The facility was outdated, the bathroom was not clean and the reception staff was quite unwelcoming. What bothered me the most was the fact that nobody at the reception spoke English, which made the communication extremely difficult.",1,Correct,3.0,15.666666666666666,1.0,1.0,1.0,0.0,0.0,3.0,0.0
"Though the location was great, it was the only redeeming factor of my stay. The cleanliness left a lot to be desired and I found several hairs in the bathroom. The soundproofing was not good, and I could hear the noise from the hallway and the next room. The staff also seemed curt and not very helpful. Altogether, it was a disappointing experience at Ibis Styles Ambassador Seoul Myeong-dong.",1,Correct,5.0,14.0,3.0,3.0,2.0,0.0,0.0,4.0,0.0
"Close to airport The hotel didn't meet my expectations at all. The rooms are outdated, and the cleanliness is questionable. As soon as we entered, I noticed that the sheets were not freshly washed. The food at their restaurant is also below average. Customer service is not their strength either, as my inquiries were either ignored completely or answered in a unsatisfactory manner.",1,Correct,5.0,12.6,4.0,0.0,1.0,0.0,0.0,4.0,0.0
They allowed us really early check-in after we told them we were checking out in the night. I cannot say as I had a short stay.,0,Correct,2.0,13.5,5.0,0.0,0.0,0.0,0.0,0.0,0.0
"Comfortable beds, convenient location near key attractions and train Facility is outdated and needs extreme renovation. Room was dusty and caused allergies. I ordered room service but it was late by 40 minutes and the food was already cold when it arrived. Also, the wifi kept disconnecting which disrupted my work several times.",1,Correct,4.0,13.25,2.0,2.0,1.0,0.0,0.0,5.0,0.0
Tasty food with good variety and clean facility,0,Correct,1.0,8.0,0.0,2.0,0.0,0.0,0.0,1.0,0.0
"The location is quite good, close to some tourist attractions The room was quite dated with clear signs of wear and tear. The cleanliness of the room left a lot to be desired as well. Service at the front desk was less than stellar.",1,Correct,3.0,14.666666666666666,0.0,1.0,0.0,0.0,0.0,4.0,0.0
"Great location, spacious rooms and excellent staff. The kitchen facilities were a plus point too! A little overhaul in the rooms could make the hotel even better, but it's still pretty good!",1,Correct,3.0,10.666666666666666,0.0,3.0,0.0,2.0,0.0,5.0,0.0
"Convenient location The service was very poor, rooms were not clean, and there was a lot of noise from nearby traffic. The staff was not helpful, and the food was below average.",1,Correct,2.0,16.0,0.0,3.0,2.0,0.0,0.0,5.0,0.0
"The breakfast place attached to the hotel was good but didn't have milk or sugar for the coffee. You can rent pocket wifi so you can walk around the city and use your own phone, but this took a long time to set up. The bedsheets had rips all over. There were stains on the sheets, pillows, carpet, and walls. The toilet was not clean on the outside of the bowl. The walls are very thin and I could hear the person next to me having a full conversation on their phone. When they slammed their door my headboard would rattle. The wifi is confusing as each room has it's own router but there are at least 20 to scroll through before your can find the one assigned to your room.",0,Correct,8.0,16.375,3.0,2.0,0.0,0.0,0.0,7.0,0.0
"The hotel garden and outdoor spaces are beautiful. The shuttle bus service is also a nice touch, helping to make the city centre more accessible. However, the rooms are outdated and lacking basic amenities. The shower had little pressure and the AC was excessively noisy. Room service menu was rather limited too. The staff on the reception could slightly improve their communication skills as well. Transit to the city without the shuttle service is a bit inconvenient.",1,Correct,7.0,11.0,0.0,2.0,3.0,0.0,0.0,7.0,1.0
"The hotel location was tolerable The room was not cleaned properly. There were hairs in the bathroom and fridge was half stocked. Staff were not too helpful or friendly. Also, our room was not ready when we arrived.",1,AI -> Human,4.0,9.5,2.0,2.0,0.0,0.0,0.0,6.0,0.0
Very nice and convenient location in the center of the city. Nice rooms. Breakfast buffet does not include a lot of options if you want to eat healthy. The queen size beds are not comfortable for 2 adults,0,Correct,4.0,9.5,0.0,4.0,0.0,0.0,0.0,3.0,0.0
"Location was convenient Definitely NOT a 4* hotel.
The bed was not comfortable.
the room was too small for an alleged 4* and amenities/appliances were underwhelming",0,Human -> AI,3.0,9.0,0.0,2.0,2.0,0.0,0.0,4.0,1.0
"Breakfast was a winner, location perfect near Tian Qiao subway station, Tian Tan Park, Beijing natural History Museum, Tian Qiao Performance Center, many good restaurants, etc. Staff courteous and helpful. Room clean. Price was ok. I will definitely stay there again. No downsides.",0,Correct,6.0,7.166666666666667,1.0,4.0,0.0,0.0,0.0,5.0,0.0
"Everything about the Raymar Hotels Ankara was top-notch. The rooms were spacious and clean, the staff was friendly and always ready to help, and the food was simply delicious. The location was also a major plus, with easy accessibility to major tourist spots. Honestly, I struggle to find any major downsides to this hotel. It surpassed all my expectations.",1,Correct,5.0,12.0,2.0,3.0,0.0,0.0,0.0,5.0,0.0
Well located and overall a good place to stay for a decent rest before the airport,0,Correct,1.0,16.0,0.0,1.0,0.0,0.0,0.0,0.0,0.0
"Nice location, friendly staff, very clean and comfortable! Excellent value for money. Limited food menu for in-room dining.",1,AI -> Human,3.0,6.333333333333333,0.0,5.0,1.0,1.0,0.0,4.0,0.0
"The Motel One Paris-Porte Dorée brilliantly captures the charm of Paris. The room was beautifully decorated, clean, and comfortable. It's so near to public transportation, making sightseeing a breeze. Staff was friendly and accommodating. It can, however, get a bit noisy due to the traffic from the nearby road. But it wasn't a deal-breaker.",1,Correct,6.0,9.333333333333334,0.0,3.0,1.0,0.0,0.0,3.0,0.0
"Nice architecture, convenient location in the city center Hotel is not as great as marketed. Rooms were small and poorly maintained. Housekeeping was less than reliable. Front desk staff were not very friendly and often seemed too busy to assist. Food options in the hotel restaurants were limited and expensive. The hotel location is also not ideal for tourists as there are not many attractions or dining options nearby.",1,Correct,6.0,11.5,0.0,4.0,2.0,0.0,0.0,7.0,0.0
"Staying at the Adveniat Paris was a delight. The location was superb, with convenient access to the Metro, wonderful restaurants, and popular tourist attractions. The room, while minimalist, provided all of the necessary amenities for a comfortable stay. But above all, the staff was truly exceptional: helpful, friendly, and always ready to assist. The lack of a television in the rooms might dissuade some travellers, but I found it a minor inconvenience.",1,Correct,5.0,14.4,1.0,6.0,0.0,0.0,0.0,4.0,0.0
Nice welcome. Very spatious suite. Breakfast was OK (but not the continental version I'm customed :) ),0,Correct,3.0,5.0,0.0,1.0,0.0,0.0,0.0,1.0,1.0
"Location, staff and free parking. Room was very tiny and there was a smoking smell everywhere.",0,Correct,2.0,8.0,0.0,0.0,1.0,0.0,0.0,3.0,0.0
It was comfortable and it wasn’t cold at all. There is a tv and a fan.,0,Correct,2.0,8.5,0.0,1.0,0.0,0.0,0.0,0.0,0.0
"Lovely accommodation and pleasant staff, really enjoyed the Indian breakfast offered. The area around the hotel was somewhat crowded and noisy.",1,Correct,2.0,10.5,0.0,2.0,1.0,0.0,0.0,3.0,0.0
